日期,AQI,PM2.5,PM10,SO2,CO,NO2,O3_8h
2014-12-31,34,优,14,25,20,0.6,11,67
2015-01-01,30,优,16,26,19,0.7,9,60
2015-01-02,31,优,22,29,31,0.7,12,55
2015-01-03,83,良,61,73,59,1,34,50
2015-01-04,181,中度污染,137,174,81,1.7,50,30
2015-01-05,194,中度污染,146,193,93,2,46,14
2015-01-06,52,良,8,54,22,0.6,9,68
2015-01-07,34,优,13,24,23,0.4,9,68
2015-01-08,31,优,21,30,34,0.5,13,61
2015-01-09,49,优,34,42,51,0.7,22,57
2015-01-10,76,良,56,53,59,0.7,25,53
2015-01-11,40,优,28,35,34,0.4,14,63
2015-01-12,53,良,37,44,43,0.5,19,66
2015-01-13,113,轻度污染,85,104,58,1,44,38
2015-01-14,163,中度污染,124,122,65,1.4,45,39
2015-01-15,131,轻度污染,100,120,66,1.2,35,55
2015-01-16,80,良,59,69,52,0.9,26,64
2015-01-17,34,优,20,31,35,0.5,12,67
2015-01-18,89,良,66,76,90,1,47,63
2015-01-19,80,良,59,63,61,0.9,28,58
2015-01-20,101,轻度污染,75,89,83,1.1,39,52
2015-01-21,133,轻度污染,101,121,100,1.4,45,20
2015-01-22,101,轻度污染,76,99,63,1.2,33,61
2015-01-23,112,轻度污染,84,102,84,1.3,43,36
2015-01-24,118,轻度污染,89,113,65,1.3,35,62
2015-01-25,195,中度污染,147,174,129,1.8,48,41
2015-01-26,151,中度污染,115,155,107,1.4,42,57
2015-01-27,33,优,12,32,41,0.6,10,66
2015-01-28,38,优,27,32,44,0.8,15,66
2015-01-29,76,良,56,78,106,0.9,38,46
2015-01-30,65,良,47,68,47,0.7,22,65
2015-01-31,39,优,27,38,33,0.5,14,70
2015-02-01,58,良,41,51,46,0.7,23,69
2015-02-02,70,良,51,57,53,0.8,30,66
2015-02-03,111,轻度污染,84,98,54,1,38,64
2015-02-04,190,中度污染,143,163,68,1.3,49,52
2015-02-05,149,轻度污染,114,134,45,1.2,32,91
2015-02-06,128,轻度污染,98,117,49,1.2,39,66
2015-02-07,105,轻度污染,79,114,36,1.1,25,69
2015-02-08,51,良,14,52,20,0.6,7,62
2015-02-09,40,优,22,40,22,0.6,11,69
2015-02-10,39,优,21,33,27,0.5,15,78
2015-02-11,59,良,42,56,39,0.7,23,79
2015-02-12,60,良,43,58,25,0.8,24,69
2015-02-13,66,良,48,61,27,0.8,23,74
2015-02-14,89,良,67,78,47,1.1,33,81
2015-02-15,113,轻度污染,85,95,40,1.2,39,65
2015-02-16,102,轻度污染,76,96,57,1.1,35,71
2015-02-17,37,优,19,29,26,0.7,19,74
2015-02-18,51,良,36,45,29,0.7,18,74
2015-02-19,55,良,39,40,27,0.5,13,85
2015-02-20,53,良,38,45,49,0.7,21,67
2015-02-21,105,轻度污染,79,66,52,0.9,40,52
2015-02-22,134,轻度污染,59,217,26,0.6,21,71
2015-02-23,89,良,32,127,24,0.4,9,79
2015-02-24,49,优,34,38,25,0.5,17,83
2015-02-25,55,良,36,60,54,0.6,26,67
2015-02-26,53,良,38,55,28,0.6,13,92
2015-02-27,44,优,25,33,26,0.5,11,88
2015-02-28,53,良,37,48,35,0.7,24,83
2015-03-01,46,优,31,46,31,0.6,17,79
2015-03-02,43,优,30,42,32,0.7,21,85
2015-03-03,43,优,23,34,26,0.6,14,85
2015-03-04,58,良,41,49,23,0.7,12,105
2015-03-05,49,优,33,45,29,0.7,17,97
2015-03-06,63,良,45,53,43,0.8,27,78
2015-03-07,88,良,65,76,51,1.1,38,62
2015-03-08,116,轻度污染,88,96,41,1.2,35,73
2015-03-09,42,优,16,29,21,0.7,10,83
2015-03-10,44,优,17,35,19,0.7,7,87
2015-03-11,44,优,14,33,19,0.6,7,87
2015-03-12,44,优,15,29,20,0.6,9,87
2015-03-13,45,优,23,27,27,0.6,14,89
2015-03-14,58,良,41,43,27,0.8,22,96
2015-03-15,68,良,44,86,37,0.8,29,79
2015-03-16,90,良,54,130,26,0.8,24,93
2015-03-17,57,良,41,60,17,0.6,16,101
2015-03-18,57,良,40,55,28,0.5,24,97
2015-03-19,61,良,44,65,26,0.5,24,98
2015-03-20,57,良,37,62,22,0.5,23,108
2015-03-21,59,良,38,69,22,0.5,22,92
2015-03-22,69,良,18,87,11,0.3,10,86
2015-03-23,43,优,13,43,10,0.3,7,81
2015-03-24,48,优,28,36,15,0.4,13,95
2015-03-26,110,轻度污染,83,111,28,1,36,143
2015-03-27,113,轻度污染,113,144,24,1.2,43,155
2015-03-28,111,轻度污染,84,119,27,1,33,148
2015-03-29,116,轻度污染,88,117,14,1,24,113
2015-03-30,130,轻度污染,99,133,26,1.2,38,80
2015-03-31,79,良,58,86,15,1,26,86
2015-04-01,48,优,25,36,12,0.7,20,95
2015-04-02,45,优,30,45,23,0.8,27,74
2015-04-03,47,优,11,14,13,0.7,16,94
2015-04-04,46,优,21,32,16,0.8,20,91
2015-04-05,40,优,17,23,14,0.8,17,80
2015-04-06,43,优,19,34,10,0.7,9,85
2015-04-07,43,优,23,29,11,0.7,11,86
2015-04-08,49,优,31,43,13,0.8,17,98
2015-04-09,53,良,37,55,20,0.9,22,96
2015-04-10,69,良,50,59,18,1,22,104
2015-04-11,62,良,45,59,17,1,24,89
2015-04-12,62,良,44,55,16,1,22,108
2015-04-13,57,良,41,57,18,0.9,23,102
2015-04-14,75,良,47,67,18,0.8,25,130
2015-04-15,76,良,40,64,15,0.8,22,131
2015-04-16,58,良,19,29,15,0.7,19,109
2015-04-17,81,良,45,112,14,0.8,22,86
2015-04-18,66,良,43,81,14,0.7,20,106
2015-04-19,64,良,36,79,23,0.7,26,105
2015-04-20,85,良,42,119,13,0.6,19,99
2015-04-21,70,良,47,90,13,0.7,23,105
2015-04-22,62,良,44,69,12,0.8,26,112
2015-04-23,68,良,39,85,12,0.8,23,107
2015-04-24,54,良,20,58,9,0.8,17,99
2015-04-25,54,良,23,53,10,1,24,105
2015-04-26,89,良,42,80,15,1,24,147
2015-04-27,112,轻度污染,39,80,18,0.8,23,173
2015-04-28,122,轻度污染,41,77,14,0.8,19,184
2015-04-29,96,良,43,73,12,0.7,21,155
2015-04-30,98,良,48,92,11,0.8,29,157
2015-05-01,78,良,36,88,10,0.7,25,133
2015-05-02,74,良,33,55,10,0.8,19,129
2015-05-03,66,良,28,41,8,0.7,14,119
2015-05-04,64,良,13,77,8,0.5,11,99
2015-05-05,127,轻度污染,36,205,10,0.6,16,116
2015-05-06,168,中度污染,42,285,8,0.5,8,97
2015-05-07,69,良,24,88,11,0.6,17,99
2015-05-08,53,良,12,56,8,0.6,7,82
2015-05-09,40,优,14,18,8,0.6,9,80
2015-05-10,53,良,16,32,9,0.6,15,104
2015-05-11,46,优,19,44,10,0.7,19,92
2015-05-12,45,优,8,14,7,0.6,15,89
2015-05-13,42,优,8,14,3,0.7,14,83
2015-05-14,35,优,16,19,4,0.7,18,69
2015-05-15,31,优,16,21,4,0.6,18,61
2015-05-16,57,良,15,43,4,0.6,14,108
2015-05-17,38,优,19,37,5,0.6,24,75
2015-05-18,42,优,29,34,5,0.7,30,74
2015-05-19,46,优,12,26,3,0.6,15,92
2015-05-20,53,良,12,25,3,0.4,12,104
2015-05-21,58,良,19,40,4,0.5,21,110
2015-05-22,75,良,26,44,5,0.4,22,130
2015-05-23,98,良,27,57,6,0.5,23,157
2015-05-24,103,轻度污染,37,59,7,0.6,29,163
2015-05-25,83,良,29,50,5,0.5,26,139
2015-05-26,58,良,36,47,6,0.6,23,109
2015-05-27,88,良,18,23,3,0.6,11,146
2015-05-28,38,优,12,22,4,0.6,13,76
2015-05-29,53,良,21,38,3,0.5,25,104
2015-05-30,48,优,13,33,2,0.3,15,95
2015-05-31,58,良,11,30,3,0.3,19,109
2015-06-01,98,良,28,80,4,0.5,18,158
2015-06-02,68,良,18,40,3,0.5,21,122
2015-06-03,42,优,22,11,2,0.3,8,84
2015-06-04,71,良,13,23,3,0.4,19,125
2015-06-05,50,优,21,27,3,0.5,30,99
2015-06-06,36,优,15,19,2,0.5,15,72
2015-06-07,35,优,17,18,3,0.6,21,70
2015-06-08,31,优,20,23,3,0.7,23,62
2015-06-09,46,优,13,23,3,0.5,17,91
2015-06-10,67,良,17,32,3,0.6,26,120
2015-06-11,58,良,21,40,3,0.7,23,110
2015-06-12,62,良,8,14,2,0.6,15,114
2015-06-13,53,良,14,25,2,0.7,16,104
2015-06-14,68,良,15,30,3,0.7,21,122
2015-06-15,81,良,14,29,2,0.6,24,137
2015-06-16,81,良,16,35,3,0.7,30,137
2015-06-17,59,良,18,38,3,0.7,27,111
2015-06-18,47,优,14,24,2,0.6,12,93
2015-06-19,40,优,12,21,2,0.5,16,79
2015-06-20,53,良,22,32,2,0.5,25,104
2015-06-21,77,良,19,36,2,0.6,24,132
2015-06-22,99,良,22,42,3,0.6,24,159
2015-06-23,47,优,18,26,2,0.6,14,94
2015-06-24,44,优,19,30,2,0.7,15,88
2015-06-25,42,优,20,33,2,0.7,12,83
2015-06-26,50,优,17,33,3,0.7,14,99
2015-06-27,48,优,9,22,2,0.6,13,96
2015-06-28,32,优,13,27,2,0.6,14,63
2015-06-29,48,优,11,23,2,0.6,13,95
2015-06-30,49,优,9,18,2,0.5,17,98
2015-07-01,36,优,9,21,2,0.6,17,72
2015-07-02,39,优,9,20,2,0.5,18,78
2015-07-03,32,优,9,19,3,0.5,18,64
2015-07-04,38,优,9,20,3,0.5,18,76
2015-07-05,73,良,11,26,3,0.5,19,128
2015-07-06,81,良,15,32,2,0.5,24,137
2015-07-07,98,良,20,38,3,0.6,23,158
2015-07-08,66,良,14,29,3,0.5,13,119
2015-07-09,75,良,14,32,3,0.5,17,130
2015-07-10,103,轻度污染,19,38,3,0.5,23,163
2015-07-11,96,良,20,46,4,0.5,24,155
2015-07-12,34,优,17,25,3,0.5,17,67
2015-07-13,43,优,4,8,3,0.4,10,86
2015-07-14,48,优,7,17,3,0.5,12,96
2015-07-15,48,优,6,13,3,0.4,9,95
2015-07-16,42,优,9,20,3,0.4,14,84
2015-07-17,34,优,11,27,4,0.6,19,68
2015-07-18,64,良,15,27,4,0.6,19,117
2015-07-19,44,优,13,31,4,0.6,20,87
2015-07-20,41,优,14,34,4,0.7,22,82
2015-07-21,34,优,16,33,3,0.5,15,68
2015-07-22,53,良,16,34,3,0.5,18,103
2015-07-23,62,良,16,36,3,0.5,16,114
2015-07-24,31,优,12,24,3,0.5,15,61
2015-07-25,60,良,16,29,4,0.6,17,111
2015-07-26,66,良,22,36,3,0.6,19,119
2015-07-27,75,良,33,50,4,0.7,24,130
2015-07-28,66,良,40,54,4,0.7,23,119
2015-07-29,64,良,30,48,4,0.7,24,116
2015-07-30,55,良,26,43,3,0.7,21,106
2015-07-31,45,优,13,23,3,0.6,14,90
2015-08-01,38,优,15,28,3,0.5,19,76
2015-08-02,33,优,9,23,4,0.5,13,66
2015-08-03,27,优,12,23,4,0.6,16,54
2015-08-04,39,优,13,21,3,0.6,15,78
2015-08-05,58,良,14,36,3,0.6,18,109
2015-08-06,60,良,18,42,5,0.6,19,111
2015-08-07,44,优,22,44,4,0.6,15,83
2015-08-08,42,优,29,42,4,0.5,13,71
2015-08-09,54,良,30,25,3,0.5,15,104
2015-08-10,47,优,20,28,4,0.6,16,94
2015-08-11,45,优,12,24,3,0.5,15,90
2015-08-12,53,良,12,28,4,0.5,16,103
2015-08-13,42,优,11,28,4,0.5,19,84
2015-08-14,35,优,8,20,4,0.4,11,69
2015-08-15,33,优,10,27,4,0.4,13,65
2015-08-16,46,优,17,32,5,0.5,16,92
2015-08-17,37,优,12,27,4,0.4,14,73
2015-08-18,60,良,17,33,5,0.5,14,111
2015-08-19,52,良,30,53,5,0.6,19,102
2015-08-20,54,良,33,57,4,0.7,19,92
2015-08-21,50,优,20,35,4,0.5,15,99
2015-08-22,31,优,8,17,4,0.4,15,61
2015-08-23,21,优,5,12,4,0.4,10,42
2015-08-24,22,优,6,19,4,0.3,10,44
2015-08-25,23,优,6,19,4,0.3,12,46
2015-08-26,24,优,10,21,4,0.4,12,48
2015-08-27,33,优,8,14,3,0.4,11,66
2015-08-28,29,优,11,21,4,0.5,17,57
2015-08-29,40,优,15,25,3,0.5,17,79
2015-08-30,45,优,14,26,4,0.4,13,89
2015-08-31,37,优,19,37,4,0.5,14,74
2015-09-01,45,优,21,37,4,0.5,15,89
2015-09-02,35,优,18,33,3,0.6,18,69
2015-09-03,36,优,12,22,4,0.5,14,71
2015-09-04,37,优,9,26,4,0.4,13,74
2015-09-05,36,优,16,33,4,0.4,15,72
2015-09-06,46,优,22,38,4,0.5,18,91
2015-09-07,44,优,16,37,5,0.5,19,87
2015-09-08,40,优,16,39,4,0.5,17,80
2015-09-09,36,优,15,33,4,0.5,15,72
2015-09-10,33,优,15,33,3,0.4,19,60
2015-09-11,30,优,9,26,2,0.3,14,60
2015-09-12,39,优,10,25,3,0.3,15,78
2015-09-13,33,优,13,30,4,0.4,16,65
2015-09-14,45,优,17,38,4,0.5,21,90
2015-09-15,47,优,25,47,3,0.6,22,85
2015-09-16,45,优,22,45,3,0.6,22,82
2015-09-17,37,优,18,37,4,0.5,20,68
2015-09-18,35,优,19,34,3,0.5,16,70
2015-09-19,41,优,22,37,3,0.5,17,81
2015-09-20,46,优,14,26,2,0.4,14,91
2015-09-21,47,优,13,32,3,0.4,18,94
2015-09-22,44,优,23,44,3,0.5,17,80
2015-09-23,44,优,25,40,2,0.6,16,87
2015-09-24,33,优,18,33,3,0.6,19,66
2015-09-25,38,优,21,31,3,0.6,16,76
2015-09-26,36,优,12,25,3,0.5,14,72
2015-09-27,40,优,13,25,2,0.5,17,79
2015-09-28,36,优,11,23,2,0.5,14,72
2015-09-29,41,优,13,28,2,0.4,17,81
2015-09-30,41,优,21,41,3,0.6,28,49
2015-10-01,28,优,19,26,2,0.7,20,52
2015-10-02,37,优,9,37,2,0.5,13,70
2015-10-03,37,优,11,37,3,0.4,13,74
2015-10-04,40,优,18,34,2,0.5,22,79
2015-10-05,47,优,24,47,4,0.7,30,66
2015-10-06,68,良,49,73,4,1,37,110
2015-10-07,72,良,52,80,3,1,28,93
2015-10-08,52,良,33,54,3,0.8,22,92
2015-10-09,34,优,11,31,2,0.6,17,68
2015-10-10,36,优,17,31,2,0.6,21,71
2015-10-11,34,优,19,34,3,0.7,17,64
2015-10-12,34,优,10,21,3,0.6,12,67
2015-10-13,34,优,10,23,3,0.5,15,68
2015-10-14,43,优,25,43,3,0.8,30,75
2015-10-15,63,良,41,75,6,1.1,49,40
2015-10-16,82,良,60,103,8,1.4,56,74
2015-10-17,89,良,66,115,8,1.5,63,75
2015-10-18,44,优,25,44,6,0.5,17,81
2015-10-19,51,良,28,51,11,0.5,33,55
2015-10-20,77,良,56,79,14,0.6,31,90
2015-10-21,52,良,36,48,8,0.5,27,74
2015-10-22,60,良,43,62,13,0.7,38,54
2015-10-23,55,良,36,59,21,0.8,43,48
2015-10-24,54,良,22,58,9,0.4,18,69
2015-10-25,62,良,44,57,12,0.5,26,81
2015-10-26,77,良,56,82,24,0.8,52,29
2015-10-27,52,良,19,53,8,0.4,15,63
2015-10-28,34,优,18,34,11,0.3,14,67
2015-10-29,36,优,19,36,9,0.3,14,65
2015-10-30,50,优,35,47,10,0.4,19,62
2015-10-31,48,优,33,44,14,0.4,23,67
2015-11-01,58,良,41,57,20,0.7,42,55
2015-11-02,62,良,44,66,20,0.8,43,62
2015-11-03,132,轻度污染,100,102,22,1.2,62,60
2015-11-04,108,轻度污染,81,122,26,1.5,67,46
2015-11-05,140,轻度污染,107,128,12,1,39,73
2015-11-06,168,中度污染,127,149,11,0.8,37,88
2015-11-07,57,良,40,60,11,0.4,23,61
2015-11-08,33,优,23,26,12,0.4,21,57
2015-11-09,92,良,68,30,13,0.6,28,61
2015-11-10,344,严重污染,294,199,12,1.4,48,52
2015-11-11,124,轻度污染,94,103,12,1,42,74
2015-11-12,140,轻度污染,107,129,33,1.3,56,34
2015-11-13,150,轻度污染,115,143,33,1.3,59,13
2015-11-14,89,良,66,88,15,1.1,41,20
2015-11-15,48,优,33,40,13,0.8,28,40
2015-11-16,30,优,21,30,14,0.5,20,54
2015-11-17,43,优,30,37,20,0.6,22,44
2015-11-18,64,良,46,52,12,0.8,25,48
2015-11-19,69,良,50,52,25,1,37,25
2015-11-20,46,优,32,38,16,0.7,22,51
2015-11-21,60,良,43,48,15,0.6,22,74
2015-11-22,70,良,51,57,22,0.7,33,61
2015-11-23,39,优,27,35,14,0.5,21,54
2015-11-24,54,良,38,47,15,0.6,21,65
2015-11-25,67,良,48,58,36,0.8,37,42
2015-11-26,37,优,23,37,13,0.5,15,58
2015-11-27,60,良,43,49,13,0.4,18,61
2015-11-28,63,良,45,48,22,0.7,32,63
2015-11-29,89,良,66,80,46,0.9,45,36
2015-11-30,103,轻度污染,77,76,24,1,38,51
2015-12-01,108,轻度污染,81,95,50,1.1,51,26
2015-12-02,99,良,74,84,52,1,52,26
2015-12-03,43,优,30,40,16,0.5,18,50
2015-12-04,30,优,13,29,11,0.3,9,60
2015-12-05,29,优,13,25,14,0.3,11,57
2015-12-06,57,良,40,41,20,0.6,29,59
2015-12-07,87,良,64,69,30,0.9,47,33
2015-12-08,99,良,74,83,35,1,51,33
2015-12-09,193,中度污染,145,154,79,1.9,77,8
2015-12-10,207,重度污染,157,179,75,2.2,85,9
2015-12-11,43,优,30,35,17,0.6,25,59
2015-12-12,85,良,63,76,31,0.9,44,32
2015-12-13,129,轻度污染,98,97,34,1.3,54,22
2015-12-14,120,轻度污染,91,115,61,1.3,56,17
2015-12-15,92,良,68,82,39,1,44,51
2015-12-16,29,优,20,29,13,0.5,14,53
2015-12-17,32,优,22,29,15,0.5,17,54
2015-12-18,49,优,34,47,26,0.8,28,51
2015-12-19,89,良,66,80,28,1.2,40,46
2015-12-20,102,轻度污染,76,96,39,1.4,50,24
2015-12-21,120,轻度污染,91,116,49,1.7,56,23
2015-12-22,168,中度污染,127,149,37,2,54,26
2015-12-23,156,中度污染,119,142,52,1.9,53,24
2015-12-24,85,良,63,86,20,1.2,28,63
2015-12-25,45,优,31,41,16,0.9,20,61
2015-12-26,30,优,21,29,14,0.8,14,58
2015-12-27,39,优,27,35,15,0.9,12,51
2015-12-28,43,优,30,37,19,0.9,20,56
2015-12-29,68,良,49,56,28,0.9,31,58
2015-12-30,107,轻度污染,80,102,64,1.2,55,19
2015-12-31,104,轻度污染,78,110,33,1.3,43,45
2016-01-01,102,轻度污染,76,94,45,1.2,46,35
2016-01-02,104,轻度污染,78,108,36,1.2,34,54
2016-01-03,64,良,46,61,28,0.8,32,56
2016-01-04,33,优,21,33,17,0.6,15,59
2016-01-05,49,优,24,49,18,0.6,18,52
2016-01-06,49,优,32,49,26,0.6,23,56
2016-01-07,30,优,20,30,18,0.4,15,57
2016-01-08,46,优,32,46,19,0.5,19,59
2016-01-09,58,良,41,56,29,0.7,30,55
2016-01-10,32,优,19,27,19,0.4,13,64
2016-01-11,38,优,26,37,19,0.5,17,65
2016-01-12,36,优,25,36,20,0.5,18,71
2016-01-13,46,优,32,46,25,0.5,21,65
2016-01-14,67,良,48,64,33,0.7,30,63
2016-01-15,74,良,54,70,36,0.8,35,55
2016-01-16,58,良,41,56,26,0.7,27,72
2016-01-17,74,良,54,65,46,0.8,39,45
2016-01-18,79,良,51,108,35,0.8,26,66
2016-01-19,81,良,50,112,35,0.7,19,64
2016-01-20,58,良,41,47,27,0.6,18,70
2016-01-21,52,良,36,40,31,0.6,21,74
2016-01-22,37,优,24,30,28,0.4,15,74
2016-01-23,65,良,47,56,26,0.5,19,75
2016-01-24,45,优,31,41,19,0.4,12,70
2016-01-25,64,良,46,68,22,0.8,28,73
2016-01-26,87,良,64,87,28,1.2,39,75
2016-01-27,75,良,55,65,26,1,35,73
2016-01-28,103,轻度污染,77,100,41,1.4,49,55
2016-01-29,42,优,29,37,22,0.8,22,68
2016-01-30,54,良,38,49,27,0.9,26,72
2016-01-31,48,优,33,47,24,0.9,23,73
2016-02-01,53,良,37,45,24,0.9,22,79
2016-02-02,74,良,54,57,25,1.1,30,85
2016-02-03,93,良,69,83,32,1.4,45,59
2016-02-04,51,良,34,51,17,0.8,22,84
2016-02-05,52,良,36,51,23,0.6,26,83
2016-02-06,58,良,41,50,22,0.7,25,78
2016-02-07,77,良,56,73,31,0.8,27,77
2016-02-08,139,轻度污染,106,139,46,0.9,30,57
2016-02-09,53,良,37,46,17,0.6,14,87
2016-02-10,68,良,49,67,30,0.9,29,65
2016-02-11,83,良,61,78,38,1.1,36,48
2016-02-12,118,轻度污染,89,100,41,1.1,46,41
2016-02-13,98,良,73,80,23,0.8,29,73
2016-02-14,38,优,15,28,14,0.3,10,75
2016-02-15,41,优,20,33,19,0.4,15,81
2016-02-16,48,优,33,41,21,0.6,22,73
2016-02-17,74,良,54,45,20,0.7,27,73
2016-02-18,79,良,58,71,38,0.9,43,70
2016-02-19,44,优,23,34,14,0.5,19,87
2016-02-20,53,良,33,56,18,0.6,26,80
2016-02-21,40,优,19,33,10,0.5,16,79
2016-02-22,70,良,51,80,48,0.8,38,51
2016-02-23,39,优,20,33,12,0.4,13,78
2016-02-24,58,良,41,46,15,0.6,24,79
2016-02-25,48,优,31,48,20,0.6,24,79
2016-02-26,50,优,33,50,24,0.6,26,77
2016-02-27,55,良,39,58,29,0.7,28,77
2016-02-28,46,优,31,46,25,0.6,24,84
2016-02-29,44,优,28,39,14,0.5,17,87
2016-03-01,58,良,41,56,19,0.7,27,85
2016-03-02,79,良,58,77,29,1,33,86
2016-03-03,73,良,53,63,22,0.9,29,75
2016-03-04,41,优,27,35,17,0.8,20,82
2016-03-05,41,优,16,21,15,0.9,21,81
2016-03-06,167,中度污染,54,284,13,0.8,19,86
2016-03-07,83,良,37,115,23,0.9,24,73
2016-03-08,41,优,16,34,11,0.7,10,82
2016-03-09,42,优,20,42,12,0.6,14,81
2016-03-10,40,优,22,40,15,0.6,15,80
2016-03-11,45,优,25,45,15,0.6,20,86
2016-03-12,51,良,30,52,21,0.8,23,96
2016-03-13,57,良,36,63,25,0.8,24,105
2016-03-14,50,优,30,47,18,0.8,24,100
2016-03-15,67,良,48,76,20,1.1,36,117
2016-03-16,84,良,62,98,25,1.1,33,135
2016-03-17,99,良,74,120,27,1.3,48,100
2016-03-18,75,良,53,99,15,1.2,29,114
2016-03-19,49,优,19,39,7,0.8,13,97
2016-03-20,57,良,23,38,12,0.8,19,108
2016-03-21,73,良,42,67,13,0.9,23,127
2016-03-22,55,良,15,22,7,0.8,13,105
2016-03-23,43,优,13,25,7,0.8,11,85
2016-03-24,43,优,20,35,10,0.7,18,85
2016-03-25,50,优,24,40,10,0.6,19,100
2016-03-26,70,良,51,74,15,0.8,30,122
2016-03-27,64,良,46,70,14,0.8,27,113
2016-03-28,61,良,43,71,18,0.8,30,106
2016-03-29,87,良,64,99,18,1,38,96
2016-03-30,56,良,32,62,11,0.7,23,88
2016-03-31,61,良,43,72,13,0.8,25,102
2016-04-01,50,优,29,47,7,0.7,18,100
2016-04-02,44,优,14,20,8,0.5,20,88
2016-04-03,46,优,16,41,7,0.5,18,91
2016-04-04,52,良,23,54,12,0.8,24,97
2016-04-05,55,良,25,55,9,0.7,20,106
2016-04-06,65,良,41,65,11,0.8,26,117
2016-04-07,74,良,27,97,8,0.7,16,112
2016-04-08,142,轻度污染,19,233,6,0.5,10,100
2016-04-09,72,良,18,93,5,0.5,10,101
2016-04-10,74,良,54,73,8,0.9,22,97
2016-04-11,112,轻度污染,84,107,10,1.1,32,101
2016-04-12,134,轻度污染,102,91,6,1.3,32,82
2016-04-13,53,良,30,41,8,1,18,103
2016-04-14,50,优,25,34,7,1,17,100
2016-04-15,62,良,44,66,11,1.1,33,90
2016-04-16,58,良,41,52,10,1.2,29,81
2016-04-17,56,良,9,14,7,1,14,107
2016-04-18,55,良,15,27,7,1,16,105
2016-04-19,53,良,26,49,8,1.2,24,103
2016-04-20,68,良,27,49,6,1.2,19,121
2016-04-21,75,良,45,76,7,1.4,25,129
2016-04-22,99,良,51,148,5,1.3,19,104
2016-04-23,86,良,28,122,4,1.1,15,102
2016-04-24,61,良,42,71,5,1.3,22,112
2016-04-25,77,良,38,97,7,1.3,22,132
2016-04-26,58,良,28,39,4,1.1,16,109
2016-04-27,45,优,21,35,5,0.9,15,90
2016-04-28,51,良,21,36,4,0.8,18,101
2016-04-29,65,良,25,45,5,0.7,19,117
2016-04-30,47,优,22,34,5,0.7,18,94
2016-05-01,43,优,22,30,5,0.8,16,86
2016-05-02,44,优,12,19,4,0.8,12,88
2016-05-03,48,优,7,9,4,0.8,13,95
2016-05-04,47,优,5,10,3,0.8,9,94
2016-05-05,54,良,16,43,4,0.8,18,104
2016-05-06,55,良,18,40,5,0.8,19,105
2016-05-07,55,良,13,33,4,0.6,10,105
2016-05-08,64,良,17,32,4,0.7,16,116
2016-05-09,55,良,22,59,6,0.8,25,95
2016-05-10,75,良,15,36,4,0.7,11,129
2016-05-11,75,良,16,42,5,0.7,16,130
2016-05-12,51,良,16,38,5,0.7,13,101
2016-05-13,48,优,14,36,4,0.6,14,96
2016-05-14,47,优,15,46,5,0.7,19,93
2016-05-15,45,优,8,17,4,0.7,14,90
2016-05-16,50,优,19,32,4,0.7,11,99
2016-05-17,80,良,27,46,6,0.8,24,136
2016-05-18,95,良,22,52,7,0.8,30,153
2016-05-19,76,良,19,46,7,0.6,24,131
2016-05-20,77,良,21,48,6,0.7,23,132
2016-05-21,113,轻度污染,20,45,6,0.6,23,174
2016-05-22,78,良,26,53,6,0.7,17,133
2016-05-23,77,良,30,59,7,0.7,20,132
2016-05-24,77,良,20,32,4,0.7,15,132
2016-05-25,70,良,16,36,5,0.8,21,124
2016-05-26,61,良,21,40,5,0.7,22,113
2016-05-27,62,良,14,45,6,0.7,25,114
2016-05-28,81,良,20,47,6,0.8,33,137
2016-05-29,93,良,28,57,7,0.9,24,151
2016-05-30,49,优,19,34,5,0.8,15,97
2016-05-31,44,优,13,25,4,0.7,18,88
2016-06-01,48,优,16,30,5,0.8,24,96
2016-06-02,55,良,18,25,4,0.9,21,105
2016-06-03,88,良,17,31,5,0.9,17,145
2016-06-04,95,良,21,41,8,1,18,153
2016-06-05,52,良,14,29,5,0.9,17,102
2016-06-06,42,优,16,31,5,0.9,14,84
2016-06-07,48,优,18,27,5,1,21,95
2016-06-08,54,良,17,27,5,1,27,104
2016-06-09,64,良,19,33,4,1,27,116
2016-06-10,49,优,20,37,5,1,20,98
2016-06-11,42,优,15,23,3,1,19,83
2016-06-12,53,良,10,18,4,0.9,12,103
2016-06-13,57,良,12,25,5,0.9,18,108
2016-06-14,65,良,13,24,4,0.8,16,117
2016-06-15,37,优,8,16,4,0.9,13,73
2016-06-16,36,优,7,11,4,0.9,16,71
2016-06-17,62,良,17,31,5,1.1,20,114
2016-06-18,36,优,6,12,4,0.9,12,71
2016-06-19,29,优,8,15,4,1,15,58
2016-06-20,70,良,14,24,4,1,14,123
2016-06-21,32,优,15,29,4,1,16,64
2016-06-22,33,优,7,13,4,1,13,65
2016-06-23,32,优,7,15,3,1,15,64
2016-06-24,29,优,7,14,3,1,15,58
2016-06-25,29,优,8,16,4,1,15,58
2016-06-26,44,优,13,22,4,1,16,87
2016-06-27,47,优,13,28,4,1,14,94
2016-06-28,40,优,16,29,4,1,13,79
2016-06-29,39,优,21,32,3,0.9,12,77
2016-06-30,40,优,18,30,4,0.9,13,79
2016-07-01,56,良,17,25,4,0.9,13,107
2016-07-02,50,优,16,23,4,0.9,12,100
2016-07-03,63,良,13,26,5,0.8,14,115
2016-07-04,41,优,14,31,4,0.8,12,82
2016-07-05,35,优,10,21,4,0.7,10,69
2016-07-06,59,良,11,27,4,0.7,19,110
2016-07-07,65,良,14,34,4,0.8,21,118
2016-07-08,88,良,25,45,4,0.9,20,145
2016-07-09,68,良,34,54,5,0.9,21,121
2016-07-10,88,良,31,46,5,0.9,15,145
2016-07-11,41,优,21,36,5,1,13,82
2016-07-12,28,优,11,24,3,1.1,13,56
2016-07-13,35,优,12,18,4,1,14,70
2016-07-14,42,优,10,22,4,0.8,12,84
2016-07-15,44,优,12,26,5,0.9,16,88
2016-07-16,23,优,6,17,4,0.9,9,41
2016-07-17,23,优,6,14,4,0.9,9,34
2016-07-18,20,优,11,18,4,0.8,14,38
2016-07-19,50,优,16,30,5,0.9,20,100
2016-07-20,39,优,15,30,5,0.9,15,78
2016-07-21,30,优,17,30,4,0.9,12,56
2016-07-22,23,优,10,14,4,0.9,12,38
2016-07-23,23,优,9,19,4,0.9,10,41
2016-07-24,24,优,5,13,4,0.9,10,48
2016-07-25,23,优,8,18,4,0.9,10,40
2016-07-26,23,优,8,14,4,0.9,13,39
2016-07-27,60,良,9,22,4,0.9,16,112
2016-07-28,34,优,15,27,3,0.8,13,68
2016-07-29,43,优,17,29,3,0.9,14,85
2016-07-30,60,良,24,36,2,0.9,17,112
2016-07-31,45,优,29,45,3,1,19,90
2016-08-01,42,优,24,33,3,0.9,15,83
2016-08-02,67,良,26,39,3,0.9,19,120
2016-08-03,48,优,23,37,4,0.9,16,95
2016-08-04,51,良,22,38,4,0.9,16,101
2016-08-05,73,良,25,43,5,1,17,127
2016-08-06,72,良,20,48,2,1,17,126
2016-08-07,36,优,14,22,2,0.8,10,72
2016-08-08,39,优,14,20,3,0.7,13,77
2016-08-09,49,优,11,26,5,0.8,17,98
2016-08-10,59,良,21,35,4,0.8,21,110
2016-08-11,49,优,34,42,4,0.9,16,96
2016-08-12,46,优,30,44,5,0.8,17,91
2016-08-13,43,优,30,31,3,0.9,14,81
2016-08-14,50,优,17,30,4,0.8,14,99
2016-08-15,45,优,12,27,5,0.7,15,89
2016-08-16,44,优,8,21,5,0.7,14,88
2016-08-17,49,优,9,21,7,0.7,15,97
2016-08-18,37,优,13,31,7,0.7,17,74
2016-08-19,32,优,14,20,4,0.8,19,63
2016-08-20,36,优,12,18,4,0.8,15,72
2016-08-21,23,优,9,18,4,0.8,14,45
2016-08-22,40,优,8,24,5,0.8,16,79
2016-08-23,49,优,14,29,5,0.8,18,98
2016-08-24,54,良,24,57,7,0.9,28,68
2016-08-25,31,优,17,29,5,0.8,16,62
2016-08-26,33,优,8,24,4,0.7,14,66
2016-08-27,40,优,11,26,5,0.7,17,80
2016-08-28,42,优,10,25,5,0.7,17,83
2016-08-29,24,优,11,24,5,0.8,15,41
2016-08-30,20,优,7,11,4,0.8,9,27
2016-08-31,30,优,5,13,4,0.9,11,60
2016-09-01,25,优,9,21,5,1,16,23
2016-09-02,68,良,36,36,6,1.1,15,121
2016-09-03,50,优,21,27,5,0.9,14,99
2016-09-04,23,优,8,17,5,0.9,12,43
2016-09-05,25,优,7,19,5,0.9,17,49
2016-09-06,49,优,16,33,6,1,15,98
2016-09-07,48,优,24,47,7,1.1,21,95
2016-09-08,24,优,8,16,4,0.8,12,48
2016-09-09,23,优,7,15,5,0.9,12,43
2016-09-10,23,优,6,15,5,0.9,11,32
2016-09-11,23,优,8,16,5,0.9,14,35
2016-09-12,26,优,8,17,5,0.9,12,51
2016-09-13,33,优,12,21,6,1,14,66
2016-09-14,37,优,19,35,6,1,16,74
2016-09-15,40,优,17,36,6,1,16,79
2016-09-16,39,优,12,24,5,1,15,78
2016-09-17,34,优,11,26,6,0.9,14,68
2016-09-18,27,优,10,25,6,0.9,13,54
2016-09-19,32,优,14,30,7,0.9,14,63
2016-09-20,47,优,25,47,8,1,19,84
2016-09-21,52,良,29,53,6,1.1,19,75
2016-09-22,52,良,32,53,6,1.1,17,71
2016-09-23,56,良,34,61,6,1.2,26,65
2016-09-24,53,良,33,55,6,1.1,19,81
2016-09-25,46,优,28,46,6,1.1,20,89
2016-09-26,50,优,24,50,6,1.1,25,71
2016-09-27,50,优,25,50,5,1.1,21,42
2016-09-28,29,优,8,22,5,0.9,11,57
2016-09-29,34,优,13,34,5,0.9,19,68
2016-09-30,45,优,19,45,6,1,24,76
2016-10-01,51,良,22,52,6,1.1,25,69
2016-10-02,55,良,26,59,7,1.2,29,70
2016-10-03,45,优,24,45,6,1.1,18,71
2016-10-04,33,优,16,30,5,1,15,65
2016-10-05,25,优,13,23,5,1,14,44
2016-10-06,35,优,20,35,5,1,15,68
2016-10-07,52,良,27,53,7,1.2,29,35
2016-10-08,30,优,18,30,5,1,13,54
2016-10-09,33,优,14,23,5,0.9,14,65
2016-10-10,44,优,27,44,7,1,23,79
2016-10-11,35,优,19,28,5,0.9,16,69
2016-10-12,38,优,20,36,6,0.9,20,75
2016-10-13,48,优,27,48,8,0.9,26,74
2016-10-14,57,良,40,62,10,0.9,28,84
2016-10-15,72,良,51,93,13,1.2,39,81
2016-10-16,85,良,63,105,13,1.3,48,27
2016-10-17,52,良,35,54,9,0.8,22,70
2016-10-18,47,优,23,47,12,0.7,28,67
2016-10-19,61,良,43,72,15,0.9,27,86
2016-10-20,37,优,16,28,10,0.5,16,74
2016-10-21,50,优,21,50,18,0.7,28,52
2016-10-22,30,优,21,29,10,0.6,17,57
2016-10-23,33,优,20,31,14,0.6,19,65
2016-10-24,51,良,27,52,15,0.8,29,60
2016-10-25,53,良,28,56,21,0.8,30,75
2016-10-26,39,优,24,39,10,0.6,17,71
2016-10-27,58,良,41,62,18,0.8,32,81
2016-10-28,60,良,43,49,16,0.7,25,82
2016-10-29,39,优,27,39,11,0.6,17,67
2016-10-30,64,良,46,67,19,0.8,31,47
2016-10-31,50,优,35,46,14,0.7,16,63
2016-11-01,43,优,27,43,15,0.8,22,66
2016-11-02,67,良,48,79,27,1.1,45,30
2016-11-03,56,良,38,61,17,0.9,31,75
2016-11-04,65,良,47,57,22,0.9,37,38
2016-11-05,82,良,60,67,15,0.8,23,84
2016-11-06,147,轻度污染,112,133,18,1.1,41,74
2016-11-07,67,良,48,61,15,0.8,27,65
2016-11-08,50,优,35,48,9,0.7,13,75
2016-11-09,38,优,26,30,11,0.8,22,67
2016-11-10,73,良,53,79,41,1.2,46,32
2016-11-11,103,轻度污染,77,80,31,1.5,56,29
2016-11-12,122,轻度污染,92,105,39,1.7,54,16
2016-11-13,104,轻度污染,78,96,56,1.6,54,39
2016-11-14,67,良,48,68,22,1.1,30,58
2016-11-15,36,优,18,36,14,0.9,13,68
2016-11-16,67,良,48,70,33,1.2,35,43
2016-11-17,64,良,46,62,20,1.2,26,68
2016-11-18,158,中度污染,120,164,44,2.4,49,14
2016-11-19,112,轻度污染,84,95,21,2,25,51
2016-11-20,31,优,14,25,7,1.1,8,62
2016-11-21,37,优,18,37,18,1.2,16,65
2016-11-22,38,优,15,25,16,1.1,12,76
2016-11-23,49,优,31,49,15,1.4,22,70
2016-11-24,59,良,42,61,23,1.7,31,70
2016-11-25,79,良,58,70,26,2.2,45,58
2016-11-26,103,轻度污染,77,101,58,2.4,56,16
2016-11-27,74,良,54,79,36,2.1,34,76
2016-11-28,43,优,26,42,15,1.7,17,79
2016-11-29,42,优,29,41,18,1.3,23,69
2016-11-30,73,良,53,74,49,1.2,47,19
2016-12-01,43,优,23,43,16,0.6,20,68
2016-12-02,53,良,33,55,23,0.8,31,76
2016-12-03,87,良,64,91,38,1.2,52,31
2016-12-04,142,轻度污染,108,146,43,1.8,64,35
2016-12-05,37,优,21,32,18,0.5,21,73
2016-12-06,42,优,29,39,17,0.8,24,68
2016-12-07,40,优,26,40,24,0.8,29,62
2016-12-08,97,良,72,82,42,1.2,44,29
2016-12-09,68,良,49,46,23,0.9,26,67
2016-12-10,48,优,33,39,19,0.8,25,65
2016-12-11,69,良,50,63,27,1,39,55
2016-12-12,89,良,66,78,38,1.2,50,28
2016-12-13,50,优,35,45,21,0.9,23,74
2016-12-14,34,优,18,25,14,0.8,17,67
2016-12-15,36,优,25,31,15,0.8,16,67
2016-12-16,39,优,27,35,18,0.9,24,73
2016-12-17,105,轻度污染,79,80,27,1.6,49,57
2016-12-18,179,中度污染,135,161,31,2.3,69,37
2016-12-19,210,重度污染,160,192,70,2.4,76,17
2016-12-20,179,中度污染,135,152,34,2,59,36
2016-12-21,147,轻度污染,112,140,37,2,54,59
2016-12-22,52,良,25,54,17,1.2,21,75
2016-12-23,39,优,21,25,19,1.1,28,77
2016-12-24,87,良,64,80,26,1.6,48,57
2016-12-25,115,轻度污染,87,95,52,1.9,58,42
2016-12-26,54,良,38,50,30,1.4,34,78
2016-12-27,37,优,18,27,18,0.9,17,74
2016-12-28,75,良,55,67,34,1.2,41,56
2016-12-29,53,良,19,56,16,0.7,17,71
2016-12-30,73,良,53,65,30,1.3,49,52
2016-12-31,130,轻度污染,99,110,36,1.8,57,55
2017-01-01,156,中度污染,118,143,49,2,51,31
2017-01-02,99,良,74,98,40,1.5,34,73
2017-01-03,115,轻度污染,86,96,40,1.5,50,45
2017-01-04,42,优,20,33,24,0.8,19,83
2017-01-05,80,良,59,70,33,1.2,44,60
2017-01-06,95,良,78,85,44,1.5,52,44
2017-01-07,197,中度污染,114,137,48,2.6,72,15
2017-01-08,117,轻度污染,89,106,54,1.8,59,40
2017-01-09,93,良,48,56,26,1.4,25,76
2017-01-10,39,优,12,26,18,0.8,17,77
2017-01-11,40,优,15,24,18,0.8,17,80
2017-01-12,40,优,13,23,16,0.8,15,80
2017-01-13,37,优,18,37,19,0.9,19,72
2017-01-14,35,优,16,25,15,0.9,14,69
2017-01-15,36,优,17,23,17,0.9,16,71
2017-01-16,70,良,41,45,27,1.3,31,58
2017-01-17,93,良,70,82,36,1.6,54,50
2017-01-18,78,良,59,70,36,1.4,39,80
2017-01-19,152,中度污染,117,127,43,1.8,46,66
2017-01-20,63,良,45,57,23,1.3,24,78
2017-01-21,85,良,63,75,43,1.4,40,54
2017-01-22,51,良,36,45,22,1,21,79
2017-01-23,45,优,32,38,19,1,19,81
2017-01-24,50,优,34,41,25,0.9,22,83
2017-01-25,65,良,47,55,31,1,36,86
2017-01-26,96,良,70,87,62,1.4,52,37
2017-01-27,46,优,30,60,25,0.8,20,84
2017-01-28,187,中度污染,140,146,52,1.4,37,69
2017-01-29,72,良,51,63,45,1.2,31,85
2017-01-30,44,优,19,26,18,0.8,12,88
2017-01-31,48,优,35,41,32,1.1,30,76
2017-02-01,43,优,11,35,17,0.8,10,87
2017-02-02,48,优,18,29,26,0.6,14,96
2017-02-03,68,良,50,59,33,1,32,98
2017-02-04,104,轻度污染,79,101,46,1.5,54,61
2017-02-05,143,轻度污染,109,123,45,1.7,51,94
2017-02-06,51,良,27,36,20,0.7,13,102
2017-02-07,46,优,14,19,19,0.5,14,93
2017-02-08,48,优,27,31,25,0.7,19,97
2017-02-09,45,优,29,36,20,0.7,18,91
2017-02-10,42,优,21,26,15,0.7,12,84
2017-02-11,41,优,26,33,19,0.7,15,83
2017-02-12,53,良,37,42,20,0.9,22,93
2017-02-13,53,良,38,48,25,1,28,99
2017-02-14,83,良,61,68,27,1.1,32,109
2017-02-15,83,良,62,75,39,1.3,48,70
2017-02-16,64,良,40,58,26,1.1,29,117
2017-02-17,59,良,16,67,13,0.7,12,95
2017-02-18,49,优,22,37,18,0.8,16,99
2017-02-19,60,良,43,53,33,1.1,35,63
2017-02-20,50,优,25,41,17,0.9,15,100
2017-02-21,52,良,38,38,21,1.1,28,99
2017-02-22,56,良,40,45,42,1.2,42,67
2017-02-23,50,优,15,21,14,0.6,11,101
2017-02-24,50,优,28,35,23,0.8,23,100
2017-02-25,50,优,27,34,18,0.9,27,101
2017-02-26,49,优,32,37,23,0.9,30,99
2017-02-27,60,良,43,58,26,0.9,36,95
2017-02-28,113,轻度污染,87,92,33,1.2,54,46
2017-03-01,51,良,35,48,17,0.8,27,101
2017-03-02,50,优,21,31,14,0.7,18,100
2017-03-03,56,良,27,45,26,0.9,27,108
2017-03-04,54,良,23,32,13,0.8,18,105
2017-03-05,54,良,16,22,14,0.7,16,105
2017-03-06,58,良,22,31,14,0.7,15,110
2017-03-07,50,优,22,32,10,0.9,13,100
2017-03-08,60,良,24,38,14,0.8,15,112
2017-03-09,49,优,29,38,12,0.7,17,98
2017-03-10,52,良,33,42,17,0.8,25,103
2017-03-11,54,良,38,60,23,0.9,33,105
2017-03-12,88,良,65,78,20,1.1,41,45
2017-03-13,49,优,33,39,10,0.8,18,98
2017-03-14,49,优,22,28,12,0.8,14,98
2017-03-15,53,良,22,29,13,0.8,17,104
2017-03-16,73,良,39,52,18,0.9,27,128
2017-03-17,87,良,66,87,23,1.2,36,142
2017-03-18,112,轻度污染,84,98,26,1.4,38,118
2017-03-19,66,良,48,67,15,1.1,27,116
2017-03-20,55,良,31,51,21,1,25,106
2017-03-21,52,良,28,43,12,0.9,18,103
2017-03-22,48,优,27,39,12,1,16,97
2017-03-23,44,优,27,36,11,1,16,89
2017-03-24,48,优,33,38,14,1.1,20,97
2017-03-25,70,良,59,68,15,1.3,29,109
2017-03-26,91,良,69,88,16,1.3,31,122
2017-03-27,108,轻度污染,83,101,15,1.3,35,105
2017-03-28,83,良,70,89,17,1.1,35,116
2017-03-29,80,良,56,78,18,1.1,29,136
2017-03-30,71,良,56,67,13,0.8,26,123
2017-03-31,76,良,69,77,15,0.8,29,120
2017-04-01,90,良,70,78,13,0.9,29,126
2017-04-02,95,良,59,93,14,0.8,24,154
2017-04-03,72,良,52,72,13,0.8,28,124
2017-04-04,86,良,68,95,16,1.1,42,120
2017-04-05,181,中度污染,134,166,19,1.4,48,189
2017-04-06,120,轻度污染,84,99,13,1,26,182
2017-04-07,151,中度污染,113,126,10,1,26,139
2017-04-08,59,良,34,51,9,0.7,22,111
2017-04-09,68,良,57,66,12,0.9,26,119
2017-04-10,152,中度污染,89,114,14,1.2,34,129
2017-04-11,69,良,33,69,9,0.7,18,123
2017-04-12,68,良,27,87,9,0.7,15,107
2017-04-13,63,良,42,79,13,0.8,26,115
2017-04-14,99,良,57,78,14,1,31,159
2017-04-15,73,良,35,59,10,0.9,24,128
2017-04-16,90,良,77,100,13,0.9,26,145
2017-04-17,211,重度污染,154,174,14,1.4,39,126
2017-04-18,57,良,14,18,8,0.8,18,109
2017-04-19,50,优,26,34,9,0.8,21,101
2017-04-20,45,优,27,41,10,0.9,22,91
2017-04-21,49,优,20,27,7,0.9,18,99
2017-04-22,68,良,22,37,7,1,19,122
2017-04-23,43,优,16,27,7,1,16,87
2017-04-24,43,优,16,22,7,0.9,22,86
2017-04-25,46,优,8,17,7,0.7,13,93
2017-04-26,45,优,12,28,7,0.7,16,91
2017-04-27,52,良,19,30,7,0.6,18,103
2017-04-28,55,良,19,35,8,0.7,23,107
2017-04-29,67,良,25,63,8,0.7,20,121
2017-04-30,53,良,16,60,6,0.6,9,98
2017-05-01,57,良,24,40,9,0.7,19,109
2017-05-02,81,良,27,53,10,0.8,23,138
2017-05-03,85,良,26,60,10,0.8,20,142
2017-05-04,74,良,24,44,9,0.8,20,129
2017-05-05,93,良,42,136,9,0.8,11,116
2017-05-06,464,严重污染,0,0,8,0.7,5,87
2017-05-07,127,轻度污染,32,196,8,0.8,6,100
2017-05-08,55,良,18,24,8,0.9,17,107
2017-05-09,63,良,19,40,9,0.9,17,116
2017-05-10,64,良,24,37,9,0.9,14,117
2017-05-11,71,良,26,40,9,0.8,20,126
2017-05-12,58,良,22,54,9,0.7,13,101
2017-05-13,43,优,7,12,8,0.7,13,87
2017-05-14,41,优,6,7,8,0.7,10,82
2017-05-15,41,优,12,18,8,0.8,16,82
2017-05-16,47,优,15,24,9,0.7,18,95
2017-05-17,63,良,14,30,10,0.7,20,116
2017-05-18,80,良,22,46,10,0.8,20,137
2017-05-19,127,轻度污染,38,70,11,0.9,27,190
2017-05-20,133,轻度污染,35,70,11,0.9,24,197
2017-05-21,60,良,18,36,9,0.7,17,113
2017-05-22,44,优,11,31,8,0.6,12,88
2017-05-23,48,优,10,20,8,0.6,16,97
2017-05-24,62,良,10,32,9,0.6,20,115
2017-05-25,46,优,5,9,8,0.6,10,93
2017-05-26,40,优,10,15,9,0.7,14,81
2017-05-27,60,良,13,21,8,0.7,19,113
2017-05-28,80,良,21,35,10,0.8,21,137
2017-05-29,58,良,27,65,9,0.8,26,110
2017-05-30,72,良,18,40,9,0.7,23,127
2017-05-31,52,良,18,35,10,0.8,27,103
2017-06-01,48,优,9,15,9,0.7,12,97
2017-06-02,36,优,6,11,9,0.7,13,72
2017-06-03,46,优,9,13,9,0.8,15,92
2017-06-04,40,优,11,14,9,0.8,18,81
2017-06-05,75,良,11,21,9,0.8,22,130
2017-06-06,39,优,16,34,10,0.9,24,76
2017-06-07,42,优,11,15,9,0.9,16,85
2017-06-08,65,良,15,24,9,0.9,19,119
2017-06-09,50,优,9,28,10,0.8,21,100
2017-06-10,37,优,5,15,9,0.7,12,75
2017-06-11,34,优,9,16,9,0.8,18,68
2017-06-12,44,优,11,21,9,0.8,15,88
2017-06-13,58,良,12,23,10,0.9,27,110
2017-06-14,90,良,13,28,11,0.9,29,149
2017-06-15,47,优,10,18,9,0.9,21,94
2017-06-16,48,优,12,25,10,0.9,18,97
2017-06-17,44,优,13,26,10,0.9,15,88
2017-06-18,41,优,17,28,10,1,17,82
2017-06-19,49,优,25,34,10,1,19,99
2017-06-20,49,优,18,27,10,0.9,16,99
2017-06-21,48,优,12,18,10,0.9,14,96
2017-06-22,61,良,14,21,11,0.9,22,114
2017-06-23,78,良,13,24,10,0.9,27,134
2017-06-24,108,轻度污染,16,31,12,0.9,25,169
2017-06-25,36,优,14,22,11,0.9,17,73
2017-06-26,38,优,10,27,10,0.8,17,77
2017-06-27,84,良,15,33,11,0.9,22,141
2017-06-28,46,优,16,37,11,0.9,18,93
2017-06-29,78,良,20,38,11,1,15,134
2017-06-30,107,轻度污染,39,61,11,1.1,21,168
2017-07-01,86,良,20,25,11,1,11,144
2017-07-02,72,良,20,25,11,1,12,127
2017-07-03,38,优,14,20,11,1,15,76
2017-07-04,60,良,11,19,13,0.9,14,112
2017-07-05,74,良,20,30,14,0.9,20,129
2017-07-06,91,良,30,41,12,1,24,150
2017-07-07,65,良,29,46,12,1,20,118
2017-07-08,42,优,16,24,11,1,16,84
2017-07-09,86,良,15,26,12,0.9,13,144
2017-07-10,36,优,11,13,10,1,17,73
2017-07-11,60,良,16,27,8,0.9,18,113
2017-07-12,86,良,37,49,7,1,30,144
2017-07-13,83,良,32,41,6,0.9,22,140
2017-07-14,61,良,21,30,6,0.9,17,114
2017-07-15,80,良,23,33,6,0.9,17,136
2017-07-16,73,良,28,40,6,0.9,20,128
2017-07-17,60,良,35,42,6,1,21,112
2017-07-18,48,优,14,21,6,0.9,14,97
2017-07-19,60,良,14,26,6,0.9,15,113
2017-07-20,43,优,13,15,6,0.9,19,87
2017-07-21,49,优,7,12,6,0.8,9,98
2017-07-22,47,优,13,23,7,0.8,12,94
2017-07-23,48,优,17,29,6,0.8,13,97
2017-07-24,64,良,16,29,6,0.8,14,117
2017-07-25,49,优,14,24,6,0.8,12,98
2017-07-26,51,良,14,26,6,0.8,16,102
2017-07-27,35,优,16,23,6,0.8,14,71
2017-07-28,64,良,17,24,6,0.8,13,117
2017-07-29,59,良,15,26,6,0.9,14,111
2017-07-30,46,优,15,22,6,0.8,12,92
2017-07-31,46,优,14,23,6,0.8,12,92
2017-08-01,56,良,18,28,7,0.7,13,108
2017-08-02,35,优,15,25,7,0.7,9,70
2017-08-03,28,优,9,14,7,0.7,9,57
2017-08-04,32,优,12,22,7,0.7,11,65
2017-08-05,34,优,16,26,7,0.7,12,68
2017-08-06,41,优,14,19,7,0.8,9,83
2017-08-07,81,良,7,17,7,0.7,9,138
2017-08-08,30,优,6,11,7,0.7,10,61
2017-08-09,21,优,4,13,7,0.6,8,43
2017-08-10,25,优,6,16,7,0.6,8,50
2017-08-11,19,优,5,15,7,0.6,9,38
2017-08-12,65,良,10,26,8,0.7,13,118
2017-08-13,27,优,12,24,7,0.8,11,55
2017-08-14,28,优,9,19,7,0.8,10,56
2017-08-15,20,优,4,13,7,0.7,8,40
2017-08-16,29,优,7,17,7,0.7,8,59
2017-08-17,20,优,9,19,7,0.7,9,41
2017-08-18,24,优,11,23,7,0.7,9,48
2017-08-19,31,优,12,27,7,0.7,11,63
2017-08-20,29,优,12,27,7,0.8,10,52
2017-08-21,33,优,8,18,7,0.7,9,66
2017-08-22,53,良,16,33,7,0.8,13,104
2017-08-23,44,优,25,40,7,0.9,19,89
2017-08-24,42,优,11,18,8,0.8,13,84
2017-08-25,38,优,10,31,8,0.7,16,77
2017-08-26,38,优,9,28,7,0.6,13,76
2017-08-27,46,优,11,28,8,0.7,16,92
2017-08-28,33,优,11,18,7,0.8,12,66
2017-08-29,30,优,7,27,7,0.6,11,60
2017-08-30,34,优,11,26,8,0.7,17,68
2017-08-31,31,优,10,20,7,0.7,14,63
2017-09-01,44,优,13,22,8,0.8,14,88
2017-09-02,48,优,19,31,8,0.8,15,97
2017-09-03,50,优,15,26,8,0.8,15,100
2017-09-04,47,优,17,31,8,0.8,16,95
2017-09-05,39,优,21,37,8,0.9,17,68
2017-09-06,45,优,16,31,8,0.8,15,91
2017-09-07,48,优,15,29,9,0.8,15,96
2017-09-08,76,良,23,35,9,0.9,14,132
2017-09-09,25,优,10,21,8,0.7,15,51
2017-09-10,33,优,16,31,8,0.8,18,35
2017-09-11,38,优,24,34,8,0.9,19,74
2017-09-12,38,优,9,24,9,0.6,12,77
2017-09-13,29,优,12,22,8,0.6,13,58
2017-09-14,31,优,10,22,8,0.6,16,62
2017-09-15,37,优,12,22,8,0.7,16,75
2017-09-16,35,优,14,27,7,0.7,13,70
2017-09-17,31,优,10,23,8,0.7,14,62
2017-09-18,41,优,14,30,8,0.8,17,82
2017-09-19,74,良,24,40,8,0.9,22,129
2017-09-20,37,优,12,19,7,0.7,11,74
2017-09-21,46,优,14,24,9,0.8,16,92
2017-09-22,45,优,15,31,9,0.8,15,90
2017-09-23,42,优,13,34,10,0.8,17,85
2017-09-24,50,优,20,49,8,0.9,23,84
2017-09-25,45,优,17,37,10,0.8,22,90
2017-09-26,44,优,18,39,8,0.8,23,50
2017-09-27,34,优,10,20,7,0.6,13,68
2017-09-28,35,优,10,25,8,0.6,13,71
2017-09-29,50,优,10,50,7,0.6,15,83
2017-09-30,41,优,23,38,7,0.8,25,80
2017-10-01,52,良,20,54,9,0.8,23,85
2017-10-02,47,优,10,46,7,0.7,13,70
2017-10-03,41,优,13,30,8,0.7,17,83
2017-10-04,42,优,16,29,7,0.7,18,84
2017-10-05,40,优,21,39,7,0.8,25,72
2017-10-06,47,优,25,47,8,0.9,26,73
2017-10-07,56,良,33,62,8,1.1,36,83
2017-10-08,42,优,23,41,8,0.9,23,81
2017-10-09,52,良,35,41,8,1,20,81
2017-10-10,34,优,6,12,7,0.7,10,69
2017-10-11,30,优,17,17,7,0.8,13,60
2017-10-12,38,优,27,37,8,0.9,20,70
2017-10-13,32,优,20,31,10,1,25,64
2017-10-14,37,优,20,33,11,1,22,74
2017-10-15,47,优,28,46,11,1.1,29,70
2017-10-16,51,良,35,52,13,1.1,31,80
2017-10-17,48,优,31,47,12,0.9,28,88
2017-10-18,46,优,26,45,15,0.9,31,58
2017-10-19,60,良,43,60,18,1.1,43,47
2017-10-20,61,良,44,53,15,1.2,37,70
2017-10-21,46,优,29,45,18,1.1,29,61
2017-10-22,33,优,20,30,13,0.9,24,67
2017-10-23,42,优,26,40,13,0.9,28,84
2017-10-24,55,良,39,57,15,1,38,73
2017-10-25,63,良,46,73,17,1.2,44,78
2017-10-26,92,良,70,100,25,1.3,53,50
2017-10-27,95,良,71,101,20,1.3,52,70
2017-10-28,68,良,48,78,18,1.1,35,70
2017-10-29,98,良,74,113,14,0.8,15,92
2017-10-30,44,优,26,44,15,0.8,20,74
2017-10-31,59,良,42,66,21,1.1,40,65
2017-11-01,61,良,40,73,17,1.1,36,87
2017-11-02,66,良,47,68,23,0.9,37,59
2017-11-03,145,轻度污染,113,113,12,1,28,69
2017-11-04,77,良,56,70,16,0.9,29,64
2017-11-05,71,良,52,74,25,1.2,45,49
2017-11-06,91,良,67,101,25,1.5,55,58
2017-11-07,143,轻度污染,106,131,30,1.8,56,13
2017-11-08,65,良,46,53,15,0.9,23,46
2017-11-09,55,良,41,52,17,1,30,54
2017-11-10,42,优,29,34,15,0.9,22,53
2017-11-11,30,优,15,25,12,0.7,13,60
2017-11-12,50,优,35,46,22,1,32,41
2017-11-13,51,良,31,52,26,1.1,29,50
2017-11-14,27,优,12,27,11,0.8,8,55
2017-11-15,37,优,14,33,10,0.5,12,53
2017-11-16,50,优,28,42,12,0.7,22,61
2017-11-17,53,良,37,44,22,0.9,29,41
2017-11-18,33,优,21,30,13,0.7,13,61
2017-11-19,29,优,18,23,12,0.6,14,58
2017-11-20,32,优,25,30,15,0.7,19,64
2017-11-21,77,良,54,64,28,1,40,51
2017-11-22,45,优,26,43,14,0.7,22,66
2017-11-23,34,优,23,34,14,0.7,21,61
2017-11-24,35,优,18,34,13,0.7,19,61
2017-11-25,58,良,42,56,25,1,37,27
2017-11-26,51,良,33,51,17,0.9,25,68
2017-11-27,72,良,54,68,33,1,41,35
2017-11-28,90,良,65,109,53,1.2,46,39
2017-11-29,59,良,8,66,13,0.5,10,68
2017-11-30,34,优,15,28,15,0.5,14,68
2017-12-01,25,优,33,43,18,0.5,25,0
2017-12-02,58,良,62,83,29,1,44,0
2017-12-03,72,良,39,53,17,1,27,0
2017-12-04,90,良,29,42,17,1,21,0
2017-12-05,73,良,27,40,16,1,23,0
2017-12-06,47,优,53,71,34,0.7,40,0
2017-12-07,67,良,40,49,18,1,28,0
2017-12-08,52,良,50,58,18,0.7,30,0
2017-12-09,77,良,63,80,25,1.2,40,0
2017-12-10,72,良,46,60,27,1.2,29,0
2017-12-11,98,良,24,70,16,1,14,0
2017-12-12,28,优,14,30,10,0.6,10,0
2017-12-13,42,优,14,22,14,0.6,11,84
2017-12-14,57,良,42,50,23,1,29,71
2017-12-15,51,良,32,52,40,1,33,74
2017-12-16,36,优,21,31,16,0.7,15,71
2017-12-17,45,优,31,40,18,0.9,21,77
2017-12-18,47,优,29,46,31,1,27,69
2017-12-19,40,优,23,36,14,0.9,18,80
2017-12-20,75,良,55,71,27,1.2,36,54
2017-12-21,98,良,73,97,29,1.7,44,61
2017-12-22,134,轻度污染,102,132,43,2,57,38
2017-12-23,87,良,64,84,25,1.4,42,75
2017-12-24,77,良,56,77,28,1.4,34,83
2017-12-25,44,优,19,35,17,1,17,87
2017-12-26,46,优,14,55,14,0.9,9,82
2017-12-27,45,优,13,30,13,0.9,11,89
2017-12-28,44,优,21,27,19,1,17,87
2017-12-29,46,优,28,36,21,1,19,91
2017-12-30,88,良,65,79,39,1.4,41,59
2017-12-31,75,良,55,68,23,1.4,30,87
2018-01-01,84,良,62,82,28,1.4,29,76
2018-01-02,45,优,20,45,14,0.8,12,79
2018-01-03,41,优,26,36,17,0.8,19,81
2018-01-04,52,良,36,45,19,0.9,23,85
2018-01-05,45,优,30,41,18,1,24,90
2018-01-06,45,优,31,45,19,0.9,17,88
2018-01-07,83,良,61,77,26,1.4,43,48
2018-01-08,89,良,66,84,26,1.5,42,55
2018-01-09,43,优,24,40,15,0.8,13,86
2018-01-10,38,优,20,27,18,0.6,12,75
2018-01-11,44,优,15,21,15,0.4,10,87
2018-01-12,47,优,26,31,20,0.6,21,94
2018-01-13,67,良,48,62,25,1,35,68
2018-01-14,84,良,62,83,43,1.2,42,40
2018-01-15,54,良,38,50,17,0.9,26,91
2018-01-16,74,良,54,73,29,1,38,59
2018-01-17,98,良,73,106,34,1.1,40,33
2018-01-18,59,良,42,67,16,0.8,26,91
2018-01-19,84,良,62,92,32,1.2,44,47
2018-01-20,52,良,28,53,14,0.8,21,91
2018-01-21,44,优,29,44,17,0.7,19,86
2018-01-22,48,优,31,48,27,0.8,23,81
2018-01-23,40,优,20,40,17,0.6,12,79
2018-01-24,40,优,17,38,16,0.5,10,79
2018-01-25,42,优,18,38,15,0.3,10,84
2018-01-26,42,优,14,30,12,0.3,9,84
2018-01-27,44,优,18,22,22,0.4,13,88
2018-01-28,45,优,17,28,18,0.4,12,90
2018-01-29,42,优,19,35,15,0.4,13,83
2018-01-30,51,良,33,52,20,0.7,24,75
2018-01-31,54,良,38,53,16,0.7,24,86
2018-02-01,83,良,61,74,20,1,34,70
2018-02-02,108,轻度污染,81,102,26,1,37,66
2018-02-03,59,良,42,58,21,0.7,19,82
2018-02-04,49,优,34,47,19,0.6,15,88
2018-02-05,40,优,23,38,17,0.6,13,80
2018-02-06,38,优,23,32,16,0.5,15,75
2018-02-07,53,良,37,49,21,0.5,21,89
2018-02-08,132,轻度污染,100,105,27,1,41,84
2018-02-09,266,重度污染,216,249,37,1.7,65,68
2018-02-10,59,良,28,68,16,0.5,19,93
2018-02-11,54,良,25,57,14,0.5,14,87
2018-02-12,54,良,18,57,11,0.4,11,86
2018-02-13,58,良,41,55,17,0.6,22,96
2018-02-14,74,良,54,76,23,0.8,26,94
2018-02-15,58,良,41,61,24,0.6,17,96
2018-02-16,123,轻度污染,93,132,43,0.6,20,99
2018-02-17,47,优,17,38,16,0.4,9,93
2018-02-18,49,优,29,37,20,0.6,18,98
2018-02-19,57,良,40,53,18,0.8,21,105
2018-02-20,59,良,42,57,20,0.8,19,101
2018-02-21,88,良,65,74,22,1,28,101
2018-02-22,147,轻度污染,112,136,25,1.3,37,97
2018-02-23,78,良,57,71,18,0.9,23,110
2018-02-24,51,良,31,37,16,0.8,18,101
2018-02-25,60,良,43,57,22,1,29,91
2018-02-26,69,良,50,67,20,1.1,26,94
2018-02-27,55,良,37,50,16,0.9,20,106
2018-02-28,57,良,40,54,21,1,26,86
2018-03-01,60,良,29,62,13,0.8,16,112
2018-03-02,66,良,35,81,18,0.8,20,107
2018-03-03,84,良,62,86,27,1.2,40,81
2018-03-04,57,良,20,45,14,0.8,13,108
2018-03-05,60,良,25,35,16,0.7,15,112
2018-03-06,53,良,24,35,18,0.6,20,103
2018-03-07,44,优,23,36,20,0.6,20,88
2018-03-08,55,良,20,31,17,0.6,16,105
2018-03-09,60,良,20,27,15,0.6,18,112
2018-03-10,61,良,32,44,19,0.7,22,113
2018-03-11,63,良,43,49,16,0.7,18,115
2018-03-12,69,良,50,65,23,0.9,33,85
2018-03-13,103,轻度污染,77,94,28,1.5,48,50
2018-03-14,93,良,69,97,17,1.2,34,114
2018-03-15,53,良,16,30,14,0.6,14,103
2018-03-16,57,良,22,32,15,0.6,20,108
2018-03-17,55,良,31,46,19,0.8,31,106
2018-03-18,65,良,23,38,15,0.7,21,118
2018-03-19,63,良,10,20,13,0.5,10,115
2018-03-20,55,良,17,28,11,0.6,17,105
2018-03-21,50,优,33,46,14,0.9,26,100
2018-03-22,64,良,33,47,16,0.9,25,116
2018-03-23,69,良,36,54,17,0.9,27,122
2018-03-24,112,轻度污染,84,97,16,1.3,30,130
2018-03-25,113,轻度污染,85,129,18,1.3,38,131
2018-03-26,130,轻度污染,99,135,19,1.4,40,157
2018-03-27,163,中度污染,124,159,20,1.5,45,193
2018-03-28,128,轻度污染,0,0,13,0.7,18,158
2018-03-29,69,良,40,54,13,0.6,18,122
2018-03-30,115,轻度污染,87,99,14,1,35,140
2018-03-31,110,轻度污染,83,93,17,1,35,99
2018-04-01,84,良,43,63,14,0.8,22,140
2018-04-02,49,优,18,27,12,0.6,19,97
2018-04-03,60,良,16,38,11,0.5,10,112
2018-04-04,65,良,28,48,12,0.6,11,117
2018-04-05,54,良,32,48,13,0.7,17,104
2018-04-06,48,优,27,43,14,0.7,14,95
2018-04-07,65,良,38,61,13,0.7,13,118
2018-04-08,60,良,22,44,13,0.5,13,111
2018-04-09,93,良,69,76,14,0.7,25,118
2018-04-10,58,良,34,55,12,0.6,18,109
2018-04-11,78,良,19,105,10,0.5,11,118
2018-04-12,71,良,28,92,10,0.5,9,106
2018-04-13,68,良,29,38,12,0.6,18,121
2018-04-14,47,优,19,22,10,0.6,17,93
2018-04-15,45,优,16,22,12,0.6,16,90
2018-04-16,75,良,24,35,13,0.6,22,129
2018-04-17,69,良,28,51,10,0.6,20,122
2018-04-18,104,轻度污染,41,73,10,0.7,22,164
2018-04-19,110,轻度污染,44,75,8,0.8,20,171
2018-04-20,106,轻度污染,50,88,8,0.8,26,166
2018-04-21,110,轻度污染,56,85,7,0.8,22,171
2018-04-22,70,良,17,30,5,0.5,14,123
2018-04-23,85,良,38,59,6,0.6,19,142
2018-04-24,93,良,47,60,6,0.6,25,151
2018-04-25,98,良,45,69,6,0.6,30,157
2018-04-26,115,轻度污染,40,89,7,0.6,22,176
2018-04-27,70,良,24,46,5,0.5,19,124
2018-04-28,100,良,56,109,9,0.8,37,160
2018-04-29,112,轻度污染,52,112,8,0.7,27,173
2018-04-30,65,良,38,61,6,0.5,16,118
2018-05-01,79,良,58,60,6,0.6,19,99
2018-05-02,54,良,23,27,5,0.5,16,104
2018-05-03,67,良,26,38,5,0.4,10,120
2018-05-04,55,良,26,33,5,0.6,15,105
2018-05-05,72,良,27,66,6,0.6,20,126
2018-05-06,65,良,19,80,6,0.4,18,117
2018-05-07,59,良,17,34,6,0.4,13,110
2018-05-08,53,良,14,22,6,0.4,10,103
2018-05-09,49,优,13,22,6,0.5,12,98
2018-05-10,93,良,22,35,7,0.5,16,151
2018-05-11,103,轻度污染,36,63,9,0.8,21,163
2018-05-12,95,良,28,50,6,0.4,19,154
2018-05-13,100,良,28,44,7,0.4,16,160
2018-05-14,90,良,40,75,7,0.5,26,148
2018-05-15,97,良,57,96,9,0.7,29,156
2018-05-16,56,良,32,62,8,0.5,25,100
2018-05-17,43,优,7,18,6,0.3,9,86
2018-05-18,48,优,7,10,6,0.3,10,95
2018-05-19,57,良,13,21,6,0.3,13,108
2018-05-20,67,良,18,35,7,0.3,20,120
2018-05-21,71,良,17,33,7,0.3,18,125
2018-05-22,47,优,18,38,7,0.3,14,93
2018-05-23,58,良,17,65,6,0.3,13,96
2018-05-24,75,良,26,70,7,0.4,17,129
2018-05-25,62,良,18,32,7,0.3,15,114
2018-05-26,41,优,15,24,7,0.4,15,81
2018-05-27,40,优,14,18,7,0.4,13,79
2018-05-28,63,良,16,28,7,0.5,12,115
2018-05-29,59,良,16,26,7,0.5,11,110
2018-05-30,51,良,10,18,7,0.5,12,101
2018-05-31,86,良,18,30,8,0.4,17,143
2018-06-01,114,轻度污染,25,43,8,0.5,29,175
2018-06-02,123,轻度污染,27,52,9,0.5,35,185
2018-06-03,113,轻度污染,30,50,8,0.5,36,174
2018-06-04,110,轻度污染,28,48,8,0.5,31,170
2018-06-05,90,良,27,49,8,0.5,23,148
2018-06-06,100,良,38,62,8,0.6,24,160
2018-06-07,78,良,28,41,8,0.6,22,133
2018-06-08,65,良,12,20,8,0.5,12,118
2018-06-09,45,优,7,14,8,0.5,9,90
2018-06-10,34,优,8,15,8,0.5,8,67
2018-06-11,23,优,8,16,8,0.5,11,46
2018-06-12,46,优,12,22,8,0.3,11,91
2018-06-13,36,优,9,18,7,0.5,9,71
2018-06-14,36,优,6,17,8,0.5,10,71
2018-06-15,32,优,6,14,7,0.5,9,64
2018-06-16,31,优,6,16,8,0.5,8,62
2018-06-17,35,优,24,21,8,0.6,23,41
2018-06-18,32,优,17,26,8,0.6,13,64
2018-06-19,32,优,16,23,8,0.6,20,63
2018-06-20,56,良,7,17,8,0.5,11,107
2018-06-21,43,优,10,18,8,0.5,13,86
2018-06-22,85,良,20,36,9,0.5,28,141
2018-06-23,113,轻度污染,41,61,10,0.9,33,174
2018-06-24,74,良,18,33,8,0.5,22,128
2018-06-25,36,优,14,24,8,0.5,18,71
2018-06-26,33,优,10,21,8,0.5,12,65
2018-06-27,50,优,17,24,9,0.6,21,100
2018-06-28,49,优,10,22,9,0.5,15,97
2018-06-29,52,良,13,23,9,0.5,15,102
2018-06-30,39,优,14,26,8,0.6,13,78
2018-07-01,46,优,13,25,9,0.6,11,92
2018-07-02,41,优,6,17,9,0.5,16,82
2018-07-03,50,优,12,23,7,0.5,22,99
2018-07-04,26,优,6,15,4,0.5,13,51
2018-07-05,28,优,5,15,3,0.5,10,56
2018-07-06,35,优,8,22,2,0.3,6,69
2018-07-07,31,优,8,16,2,0.5,8,61
2018-07-08,30,优,6,14,2,0.5,8,60
2018-07-09,24,优,8,13,3,0.5,10,47
2018-07-10,17,优,10,15,3,0.5,13,34
2018-07-11,39,优,9,17,3,0.5,14,77
2018-07-12,24,优,12,19,3,0.6,16,38
2018-07-13,26,优,10,26,3,0.6,16,46
2018-07-14,24,优,10,21,3,0.6,19,31
2018-07-15,45,优,12,23,3,0.6,12,90
2018-07-16,39,优,13,31,3,0.5,15,52
2018-07-17,29,优,14,27,2,0.5,12,56
2018-07-18,29,优,9,24,3,0.5,11,57
2018-07-19,45,优,16,42,3,0.6,17,89
2018-07-20,42,优,22,40,3,0.6,18,78
2018-07-21,45,优,14,28,3,0.5,15,89
2018-07-22,59,良,23,47,3,0.5,16,110
2018-07-23,74,良,40,63,3,0.7,16,128
2018-07-24,81,良,30,54,3,0.6,14,137
2018-07-25,46,优,17,44,4,0.5,14,92
2018-07-26,54,良,12,34,4,0.5,16,104
2018-07-27,59,良,14,34,3,0.5,15,110
2018-07-28,50,优,14,33,4,0.5,15,100
2018-07-29,54,良,11,29,4,0.5,13,104
2018-07-30,88,良,13,38,4,0.5,18,145
2018-07-31,80,良,23,46,4,0.6,15,136
2018-08-01,56,良,11,27,3,0.5,14,107
2018-08-02,78,良,16,39,4,0.6,19,133
2018-08-03,60,良,21,47,4,0.6,17,111
2018-08-04,55,良,16,41,4,0.6,14,105
2018-08-05,25,优,6,13,3,0.6,13,49
2018-08-06,31,优,4,15,4,0.5,10,62
2018-08-07,25,优,6,11,4,0.6,13,49
2018-08-08,24,优,5,13,4,0.6,13,48
2018-08-09,25,优,7,16,4,0.5,13,50
2018-08-10,42,优,9,22,4,0.5,15,83
2018-08-11,59,良,11,28,4,0.5,19,110
2018-08-12,34,优,14,34,5,0.5,19,63
2018-08-13,26,优,13,25,4,0.6,16,52
2018-08-14,41,优,8,18,4,0.6,14,82
2018-08-15,43,优,5,14,4,0.5,13,86
2018-08-16,27,优,4,15,4,0.5,10,53
2018-08-17,28,优,7,22,4,0.5,13,55
2018-08-18,37,优,17,36,5,0.5,20,37
2018-08-19,54,良,14,30,5,0.5,16,104
2018-08-20,26,优,12,23,5,0.5,17,52
2018-08-21,46,优,7,13,4,0.5,10,91
2018-08-22,36,优,12,29,5,0.5,17,72
2018-08-23,26,优,13,26,5,0.6,17,50
2018-08-24,30,优,4,8,5,0.5,15,60
2018-08-25,30,优,8,14,6,0.5,11,60
2018-08-26,34,优,8,18,6,0.5,13,68
2018-08-27,32,优,9,21,6,0.5,13,63
2018-08-28,31,优,12,27,6,0.5,12,61
2018-08-29,34,优,6,15,6,0.5,12,67
2018-08-30,34,优,9,19,6,0.5,12,68
2018-08-31,24,优,11,24,6,0.5,14,48
2018-09-01,30,优,9,23,6,0.5,13,60
2018-09-02,25,优,10,25,5,0.5,12,44
2018-09-03,20,优,6,13,4,0.5,16,39
2018-09-04,29,优,7,16,4,0.5,12,58
2018-09-05,24,优,5,16,4,0.5,10,48
2018-09-06,43,优,8,21,4,0.5,13,85
2018-09-07,32,优,8,19,4,0.3,13,64
2018-09-08,30,优,8,19,4,0.5,14,59
2018-09-09,30,优,10,21,4,0.5,13,59
2018-09-10,27,优,10,25,4,0.5,14,54
2018-09-11,28,优,13,29,4,0.5,13,55
2018-09-12,30,优,10,27,4,0.5,14,59
2018-09-13,36,优,16,35,4,0.5,18,71
2018-09-14,49,优,21,39,5,0.5,18,98
2018-09-15,37,优,19,36,5,0.5,17,73
2018-09-16,32,优,9,20,4,0.3,16,63
2018-09-17,35,优,10,28,5,0.5,19,67
2018-09-18,34,优,13,33,5,0.5,21,68
2018-09-19,57,良,15,39,5,0.6,22,108
2018-09-20,45,优,17,43,5,0.6,21,81
2018-09-21,38,优,14,34,4,0.5,19,65
2018-09-22,32,优,12,28,4,0.5,15,42
2018-09-23,26,优,10,21,4,0.5,14,51
2018-09-24,23,优,10,16,4,0.5,11,46
2018-09-25,29,优,11,19,4,0.5,13,57
2018-09-26,31,优,13,25,4,0.5,16,62
2018-09-27,30,优,13,27,4,0.5,18,60
2018-09-28,33,优,17,33,4,0.5,19,50
2018-09-29,30,优,14,29,4,0.5,16,60
2018-09-30,27,优,12,23,4,0.5,18,54
2018-10-01,26,优,13,20,4,0.5,15,52
2018-10-02,37,优,14,26,4,0.5,16,73
2018-10-03,40,优,17,36,5,0.5,22,80
2018-10-04,38,优,17,38,5,0.5,20,69
2018-10-05,35,优,16,35,4,0.5,21,63
2018-10-06,41,优,20,41,4,0.5,22,43
2018-10-07,33,优,9,31,4,0.3,18,65
2018-10-08,34,优,14,34,5,0.5,20,64
2018-10-09,42,优,19,42,5,0.5,28,45
2018-10-10,26,优,7,11,4,0.5,13,51
2018-10-11,16,优,8,12,4,0.3,11,32
2018-10-12,32,优,16,26,4,0.5,18,63
2018-10-13,37,优,19,37,5,0.5,25,57
2018-10-14,44,优,24,42,5,0.6,24,78
2018-10-15,28,优,15,28,5,0.5,20,55
2018-10-16,25,优,11,25,5,0.5,18,50
2018-10-17,28,优,17,28,7,0.5,20,41
2018-10-18,38,优,20,38,6,0.6,23,60
2018-10-19,46,优,26,46,7,0.6,26,67
2018-10-20,54,良,27,57,6,0.6,29,69
2018-10-21,54,良,28,58,10,0.6,35,71
2018-10-22,51,良,26,52,11,0.6,27,67
2018-10-23,48,优,27,48,7,0.6,27,58
2018-10-24,51,良,25,52,8,0.7,27,60
2018-10-25,57,良,34,63,10,0.9,35,69
2018-10-26,48,优,21,48,7,0.6,25,80
2018-10-27,31,优,9,31,6,0.5,14,47
2018-10-28,25,优,10,22,6,0.5,17,50
2018-10-29,22,优,13,22,7,0.5,15,41
2018-10-30,21,优,11,17,5,0.5,12,42
2018-10-31,30,优,10,20,6,0.5,13,60
2018-11-01,39,优,27,39,9,0.6,29,62
2018-11-02,49,优,29,49,10,0.7,34,61
2018-11-03,53,良,31,55,13,0.9,40,45
2018-11-04,58,良,39,66,15,1,35,25
2018-11-05,26,优,18,24,9,0.5,20,38
2018-11-06,38,优,23,38,9,0.7,24,51
2018-11-07,46,优,25,46,14,0.9,30,38
2018-11-08,38,优,22,38,14,0.7,28,50
2018-11-09,32,优,12,13,6,0.6,12,63
2018-11-10,47,优,31,47,9,0.7,21,66
2018-11-11,43,优,24,43,12,0.7,27,49
2018-11-12,44,优,27,44,11,0.7,25,55
2018-11-13,42,优,29,41,8,0.7,24,42
2018-11-14,52,良,36,49,10,0.7,25,43
2018-11-15,69,良,50,79,16,1,39,18
2018-11-16,29,优,11,23,6,0.5,15,58
2018-11-17,42,优,27,42,12,0.7,29,46
2018-11-18,54,良,32,58,11,0.9,31,44
2018-11-19,60,良,43,54,12,0.9,29,54
2018-11-20,59,良,42,64,13,0.9,31,27
2018-11-21,31,优,19,31,7,0.5,19,56
2018-11-22,33,优,14,33,7,0.5,17,61
2018-11-23,48,优,33,41,9,0.6,26,58
2018-11-24,79,良,58,76,21,1,44,26
2018-11-25,68,良,49,68,13,1,32,56
2018-11-26,92,良,68,93,21,1.2,43,27
2018-11-27,80,良,18,109,6,0.3,12,71
2018-11-28,55,良,23,59,9,0.5,19,56
2018-11-29,43,优,21,43,8,0.6,20,57
2018-11-30,54,良,37,57,23,0.9,36,22
2018-12-01,43,优,25,43,10,0.6,23,55
2018-12-02,89,良,66,83,29,1.2,37,20
2018-12-03,74,良,54,96,23,1,35,31
2018-12-04,33,优,15,33,9,0.5,12,51
2018-12-05,39,优,27,37,11,0.5,22,54
2018-12-06,39,优,23,39,18,0.5,23,49
2018-12-07,29,优,10,29,6,0.5,9,53
2018-12-08,30,优,10,30,6,0.5,10,58
2018-12-09,39,优,19,39,10,0.6,17,65
2018-12-10,60,良,43,54,16,1,28,53
2018-12-11,68,良,49,70,22,1,36,34
2018-12-12,73,良,53,65,22,1,31,65
2018-12-13,87,良,64,68,17,1,24,49
2018-12-14,62,良,44,60,13,0.9,21,62
2018-12-15,65,良,47,67,25,1.2,35,34
2018-12-16,134,轻度污染,102,126,43,1.9,52,14
2018-12-17,73,良,53,85,17,1.4,32,55
2018-12-18,43,优,25,43,11,0.9,25,62
2018-12-19,41,优,24,41,13,0.7,21,68
2018-12-20,74,良,54,66,15,1.2,34,47
2018-12-21,93,良,69,81,39,1.4,46,18
2018-12-22,67,良,48,73,16,1.2,39,47
2018-12-23,31,优,13,31,11,0.6,13,60
2018-12-24,38,优,26,37,13,0.7,22,57
2018-12-25,56,良,31,61,22,0.9,26,55
2018-12-26,46,优,8,46,11,0.5,7,63
2018-12-27,50,优,12,50,7,0.5,7,55
2018-12-28,33,优,12,33,10,0.5,9,58
2018-12-29,37,优,15,37,9,0.5,9,60
2018-12-30,32,优,21,26,11,0.5,13,64
2018-12-31,42,优,29,36,12,0.7,17,63
2019-01-01,46,优,32,39,13,0.6,15,68
2019-01-02,42,优,26,42,14,0.6,15,62
2019-01-03,59,良,42,52,17,0.9,25,61
2019-01-04,56,良,36,62,27,0.9,27,59
2019-01-05,33,优,15,33,14,0.5,11,61
2019-01-06,53,良,37,43,16,0.7,23,57
2019-01-07,52,良,34,53,16,0.9,25,58
2019-01-08,45,优,24,45,18,0.6,17,60
2019-01-09,39,优,21,39,17,0.7,24,55
2019-01-10,52,良,31,53,17,1,27,60
2019-01-11,103,轻度污染,77,98,19,1.5,42,45
2019-01-12,102,轻度污染,76,100,25,1.5,44,32
2019-01-13,104,轻度污染,78,102,24,1.7,45,24
2019-01-14,176,中度污染,133,167,18,2.3,51,33
2019-01-15,98,良,73,118,14,1.4,25,55
2019-01-16,47,优,20,47,12,0.9,14,60
2019-01-17,47,优,15,47,13,0.6,10,65
2019-01-18,48,优,33,45,14,0.7,27,59
2019-01-19,67,良,48,72,20,1,34,38
2019-01-20,52,良,23,54,10,0.6,14,61
2019-01-21,56,良,26,62,17,0.7,20,63
2019-01-22,56,良,33,62,15,0.7,25,59
2019-01-23,45,优,20,45,9,0.5,11,66
2019-01-24,33,优,22,31,8,0.5,12,66
2019-01-25,52,良,36,54,13,0.6,16,63
2019-01-26,40,优,27,40,7,0.5,10,73
2019-01-27,78,良,57,67,17,1,34,46
2019-01-28,59,良,29,67,10,0.6,14,63
2019-01-29,70,良,51,66,14,0.8,27,58
2019-01-30,80,良,32,109,11,0.7,15,80
2019-01-31,56,良,22,62,8,0.6,9,69
2019-02-01,62,良,35,74,12,0.8,20,60
2019-02-02,72,良,45,94,19,0.9,26,57
2019-02-03,88,良,65,105,19,1,28,73
2019-02-04,56,良,34,61,14,0.6,10,75
2019-02-05,78,良,57,89,17,0.7,12,76
2019-02-06,36,优,18,26,11,0.6,9,72
2019-02-07,55,良,38,60,12,0.6,8,69
2019-02-08,38,优,21,38,10,0.5,9,69
2019-02-09,47,优,31,47,12,0.6,14,75
2019-02-10,63,良,45,50,11,0.7,17,75
2019-02-11,49,优,34,46,13,0.8,19,69
2019-02-12,51,良,28,51,13,0.6,11,77
2019-02-13,55,良,39,56,13,0.7,14,82
2019-02-14,72,良,52,58,14,0.8,19,84
2019-02-15,62,良,44,56,20,0.8,21,79
2019-02-16,72,良,52,57,12,0.7,12,87
2019-02-17,41,优,18,38,12,0.6,10,82
2019-02-18,58,良,41,58,16,0.9,27,82
2019-02-19,58,良,39,66,26,0.9,30,73
2019-02-20,105,轻度污染,79,82,13,0.9,22,92
2019-02-21,73,良,53,61,12,0.7,23,91
2019-02-22,54,良,38,54,13,0.6,22,96
2019-02-23,72,良,52,63,10,0.7,25,88
2019-02-24,56,良,33,62,11,0.7,20,101
2019-02-25,55,良,39,60,11,0.6,18,87
2019-02-26,63,良,45,60,10,0.7,21,89
2019-02-27,79,良,58,73,14,0.7,26,91
2019-02-28,77,良,56,71,11,0.8,22,106
2019-03-01,54,良,34,57,11,0.7,23,94
2019-03-02,60,良,43,64,11,0.7,25,94
2019-03-03,75,良,55,78,14,0.8,28,101
2019-03-04,78,良,57,87,15,0.8,28,100
2019-03-05,117,轻度污染,88,105,13,1,33,84
2019-03-06,83,良,61,90,11,0.8,25,96
2019-03-07,48,优,18,41,7,0.5,11,95
2019-03-08,49,优,32,49,10,0.6,22,93
2019-03-09,79,良,46,81,12,0.8,23,134
2019-03-10,53,良,29,55,10,0.6,19,94
2019-03-11,83,良,61,72,15,0.8,28,86
2019-03-12,57,良,22,64,10,0.6,14,84
2019-03-13,45,优,20,45,7,0.5,11,74
2019-03-14,46,优,21,37,10,0.5,13,91
2019-03-15,47,优,25,36,9,0.5,17,93
2019-03-16,45,优,29,43,10,0.6,20,90
2019-03-17,54,良,33,50,11,0.6,21,104
2019-03-18,231,重度污染,181,202,19,1.3,53,143
2019-03-19,241,重度污染,191,197,14,1.1,47,157
2019-03-20,284,重度污染,234,254,17,1.6,66,87
2019-03-21,73,良,53,72,6,0.6,16,94
2019-03-22,51,良,27,44,7,0.5,10,101
2019-03-23,51,良,29,52,7,0.5,11,96
2019-03-24,48,优,25,43,7,0.6,18,95
2019-03-25,63,良,28,76,8,0.6,15,111
2019-03-26,64,良,18,77,8,0.5,11,93
2019-03-27,47,优,16,27,7,0.5,10,93
2019-03-28,48,优,20,35,8,0.5,15,95
2019-03-29,51,良,23,43,9,0.5,18,101
2019-03-30,45,优,24,37,8,0.5,17,89
2019-03-31,44,优,22,34,8,0.6,15,87
2019-04-01,46,优,24,40,9,0.6,14,92
2019-04-02,50,优,34,49,8,0.6,13,100
2019-04-03,54,良,37,57,11,0.6,22,104
2019-04-04,91,良,33,131,9,0.7,29,96
2019-04-05,111,轻度污染,24,172,4,0.5,6,92
2019-04-06,53,良,21,56,7,0.6,14,103
2019-04-07,50,优,29,40,7,0.7,18,100
2019-04-08,52,良,34,53,9,0.7,15,93
2019-04-09,52,良,25,38,7,0.6,18,102
2019-04-10,53,良,22,34,6,0.6,17,103
2019-04-11,64,良,31,44,7,0.6,17,116
2019-04-12,103,轻度污染,77,88,7,0.8,24,133
2019-04-13,195,中度污染,146,163,9,1.3,29,141
2019-04-14,48,优,20,35,6,0.6,17,95
2019-04-15,60,良,20,48,6,0.5,16,112
2019-04-16,84,良,29,60,8,0.7,26,140
2019-04-17,75,良,30,54,7,0.6,20,129
2019-04-18,64,良,15,60,5,0.4,6,116
2019-04-19,60,良,20,39,6,0.4,14,112
2019-04-20,51,良,24,44,6,0.5,18,101
2019-04-21,74,良,30,97,6,0.5,14,115
2019-04-22,94,良,41,137,5,0.5,16,125
2019-04-23,82,良,42,114,6,0.7,21,125
2019-04-24,67,良,21,84,5,0.5,12,94
2019-04-25,48,优,21,48,5,0.5,12,89
2019-04-26,46,优,17,25,4,0.4,13,92
2019-04-27,75,良,23,43,4,0.5,17,129
2019-04-28,78,良,21,44,6,0.6,18,133
2019-04-29,70,良,23,53,5,0.6,14,123
2019-04-30,37,优,17,20,5,0.6,15,74
2019-05-01,50,优,11,35,4,0.5,9,99
2019-05-02,58,良,17,39,4,0.5,21,109
2019-05-03,74,良,17,31,4,0.5,18,128
2019-05-04,80,良,20,45,5,0.6,19,135
2019-05-05,54,良,23,57,5,0.7,17,104
2019-05-06,53,良,12,28,4,0.5,10,103
2019-05-07,62,良,20,36,4,0.5,17,114
2019-05-08,75,良,28,58,5,0.5,21,130
2019-05-09,73,良,23,58,4,0.4,17,127
2019-05-10,85,良,24,58,5,0.4,18,141
2019-05-11,91,良,27,70,6,0.5,16,149
2019-05-12,46,优,14,32,4,0.4,9,91
2019-05-13,55,良,18,31,4,0.4,10,105
2019-05-14,54,良,16,31,5,0.5,12,104
2019-05-15,49,优,18,40,5,0.5,11,98
2019-05-16,41,优,15,25,5,0.5,12,81
2019-05-17,50,优,18,36,5,0.6,13,99
2019-05-18,55,良,17,36,6,0.5,11,105
2019-05-19,48,优,12,27,5,0.5,9,96
2019-05-20,50,优,7,27,5,0.5,7,100
2019-05-21,43,优,9,38,5,0.5,9,86
2019-05-22,40,优,11,22,5,0.5,12,80
2019-05-23,63,良,14,30,5,0.5,20,115
2019-05-24,72,良,18,42,6,0.5,19,126
2019-05-25,124,轻度污染,25,63,7,0.6,29,186
2019-05-26,111,轻度污染,21,45,6,0.5,21,172
2019-05-27,46,优,14,21,5,0.6,17,92
2019-05-28,49,优,5,15,5,0.4,6,98
2019-05-29,52,良,10,22,5,0.4,11,102
2019-05-30,70,良,13,27,6,0.4,18,124
2019-05-31,45,优,10,21,5,0.4,15,90
2019-06-01,51,良,9,16,5,0.4,12,101
2019-06-02,80,良,16,29,5,0.4,21,136
2019-06-03,83,良,27,35,6,0.5,23,139
2019-06-04,75,良,24,29,6,0.6,19,130
2019-06-05,72,良,15,23,6,0.5,12,126
2019-06-06,60,良,12,23,6,0.4,15,112
2019-06-07,65,良,11,23,5,0.4,17,117
2019-06-08,46,优,11,20,5,0.5,13,91
2019-06-09,37,优,7,13,5,0.5,11,73
2019-06-10,43,优,7,13,5,0.4,9,85
2019-06-11,55,良,11,21,5,0.4,15,105
2019-06-12,55,良,15,23,5,0.4,17,106
2019-06-13,35,优,16,26,4,0.5,15,69
2019-06-14,65,良,10,17,4,0.5,13,117
2019-06-15,35,优,4,11,4,0.4,8,69
2019-06-16,23,优,6,12,4,0.4,11,45
2019-06-17,55,良,10,20,4,0.4,19,106
2019-06-18,84,良,12,26,4,0.4,25,140
2019-06-19,59,良,14,22,4,0.5,25,110
2019-06-20,48,优,11,22,4,0.6,13,96
2019-06-21,41,优,7,15,4,0.5,14,82
