»’∆⁄,AQI,PM2.5,PM10,SO2,CO,NO2,O3_8h
2013-12-01,106,«·∂»Œ€»æ,0,160,85,0,91,0
2013-12-02,132,«·∂»Œ€»æ,0,213,74,0,96,0
2013-12-03,161,÷–∂»Œ€»æ,0,271,78,0,108,0
2013-12-04,117,«·∂»Œ€»æ,0,183,90,0,92,0
2013-12-05,125,«·∂»Œ€»æ,0,200,82,0,87,0
2013-12-06,247,÷ÿ∂»Œ€»æ,197,204,47,0,76,2
2013-12-07,446,—œ÷ÿŒ€»æ,418,318,24,0.6,68,30
2013-12-08,319,—œ÷ÿŒ€»æ,269,330,32,1.5,73,27
2013-12-09,143,«·∂»Œ€»æ,109,202,56,0,63,45
2013-12-10,140,«·∂»Œ€»æ,94,230,74,0,86,28
2013-12-11,98,¡º,62,146,50,0,46,47
2013-12-12,106,«·∂»Œ€»æ,77,162,74,0,78,48
2013-12-13,142,«·∂»Œ€»æ,108,185,96,1.2,84,33
2013-12-14,268,÷ÿ∂»Œ€»æ,218,288,66,1.8,110,29
2013-12-15,341,—œ÷ÿŒ€»æ,291,388,157,3.4,138,22
2013-12-16,427,—œ÷ÿŒ€»æ,390,474,128,4.4,164,25
2013-12-17,469,—œ÷ÿŒ€»æ,453,0,83,4.6,132,23
2013-12-18,109,«·∂»Œ€»æ,82,97,29,1.2,60,29
2013-12-19,217,÷ÿ∂»Œ€»æ,167,214,48,2.4,87,24
2013-12-20,279,÷ÿ∂»Œ€»æ,229,316,86,2.7,114,30
2013-12-21,204,÷ÿ∂»Œ€»æ,154,225,79,2.1,99,37
2013-12-22,179,÷–∂»Œ€»æ,135,196,62,1.6,92,34
2013-12-23,243,÷ÿ∂»Œ€»æ,193,267,45,2.4,104,30
2013-12-24,392,—œ÷ÿŒ€»æ,342,413,63,3.7,132,24
2013-12-25,410,—œ÷ÿŒ€»æ,364,477,53,4,150,20
2013-12-26,142,«·∂»Œ€»æ,108,222,38,2.1,80,49
2013-12-27,116,«·∂»Œ€»æ,86,181,76,1.9,92,33
2013-12-28,100,¡º,75,130,69,1.8,75,43
2013-12-29,92,¡º,58,133,47,1.4,67,47
2013-12-30,101,«·∂»Œ€»æ,50,127,64,1.3,81,41
2013-12-31,95,¡º,38,119,64,1.1,76,45
2014-01-01,101,«·∂»Œ€»æ,52,134,59,1.2,82,46
2014-01-02,176,÷–∂»Œ€»æ,133,226,99,1.9,106,26
2014-01-03,128,«·∂»Œ€»æ,97,182,60,1.6,73,46
2014-01-04,102,«·∂»Œ€»æ,76,132,46,1.4,57,34
2014-01-05,234,÷ÿ∂»Œ€»æ,184,248,46,2.5,85,31
2014-01-06,232,÷ÿ∂»Œ€»æ,182,256,73,3,84,14
2014-01-07,272,÷ÿ∂»Œ€»æ,222,301,119,3.6,87,16
2014-01-08,113,«·∂»Œ€»æ,85,132,80,1.9,60,27
2014-01-09,110,«·∂»Œ€»æ,83,128,76,1.6,58,42
2014-01-10,231,÷ÿ∂»Œ€»æ,181,228,38,2.3,62,24
2014-01-11,195,÷–∂»Œ€»æ,146,213,32,2.3,58,47
2014-01-12,178,÷–∂»Œ€»æ,134,190,60,2.5,69,46
2014-01-13,172,÷–∂»Œ€»æ,130,192,74,2.1,74,37
2014-01-14,213,÷ÿ∂»Œ€»æ,163,212,46,1.6,60,32
2014-01-15,292,÷ÿ∂»Œ€»æ,242,214,31,1.8,49,50
2014-01-16,304,—œ÷ÿŒ€»æ,254,321,89,2.8,91,14
2014-01-17,296,÷ÿ∂»Œ€»æ,246,306,94,3.2,79,19
2014-01-18,255,÷ÿ∂»Œ€»æ,205,271,86,2.8,68,70
2014-01-19,250,÷ÿ∂»Œ€»æ,200,278,83,2.6,69,23
2014-01-20,67,¡º,18,83,39,1.2,31,63
2014-01-21,70,¡º,43,90,54,1.4,40,56
2014-01-22,88,¡º,62,126,35,1.3,34,76
2014-01-23,122,«·∂»Œ€»æ,92,135,42,1.5,45,95
2014-01-24,276,÷ÿ∂»Œ€»æ,226,297,96,4.4,109,21
2014-01-25,97,¡º,72,126,93,2.4,61,51
2014-01-26,74,¡º,47,97,56,1.9,44,61
2014-01-27,108,«·∂»Œ€»æ,81,119,38,2,46,62
2014-01-28,208,÷ÿ∂»Œ€»æ,158,214,88,3.4,72,61
2014-01-29,138,«·∂»Œ€»æ,105,146,41,2.2,30,82
2014-01-30,285,÷ÿ∂»Œ€»æ,235,306,21,3.7,39,35
2014-01-31,294,÷ÿ∂»Œ€»æ,244,355,31,4,33,29
2014-02-01,222,÷ÿ∂»Œ€»æ,172,221,67,3.8,45,39
2014-02-02,231,÷ÿ∂»Œ€»æ,181,246,34,4,35,21
2014-02-03,68,¡º,38,86,45,2.3,21,65
2014-02-04,63,¡º,42,75,54,2.3,30,63
2014-02-05,74,¡º,54,56,45,2.3,22,53
2014-02-06,99,¡º,74,79,98,2.5,24,56
2014-02-07,102,«·∂»Œ€»æ,76,95,114,2.6,30,66
2014-02-08,112,«·∂»Œ€»æ,84,100,160,2.8,41,58
2014-02-09,67,¡º,47,65,31,2.6,22,75
2014-02-10,65,¡º,29,56,49,2.6,32,86
2014-02-11,77,¡º,56,82,50,2.7,34,94
2014-02-12,133,«·∂»Œ€»æ,101,120,68,3,47,106
2014-02-13,193,÷–∂»Œ€»æ,145,181,150,3.6,72,66
2014-02-14,195,÷–∂»Œ€»æ,146,204,94,3.2,39,108
2014-02-15,159,÷–∂»Œ€»æ,121,152,27,2.8,25,92
2014-02-16,282,÷ÿ∂»Œ€»æ,232,244,50,4.4,63,47
2014-02-17,114,«·∂»Œ€»æ,86,112,54,3.1,30,48
2014-02-18,72,¡º,32,60,94,2.7,36,80
2014-02-19,149,«·∂»Œ€»æ,114,147,97,3.6,50,46
2014-02-20,180,÷–∂»Œ€»æ,136,169,112,3.9,58,62
2014-02-21,97,¡º,72,113,39,3.3,34,96
2014-02-22,145,«·∂»Œ€»æ,111,136,52,3.6,42,99
2014-02-23,137,«·∂»Œ€»æ,104,139,42,3.6,44,82
2014-02-24,218,÷ÿ∂»Œ€»æ,168,218,34,4.5,56,85
2014-02-25,148,«·∂»Œ€»æ,113,164,44,4,54,97
2014-02-26,89,¡º,66,88,31,3.4,27,46
2014-02-27,88,¡º,49,75,20,3.5,22,76
2014-02-28,88,¡º,38,63,45,3.5,34,54
2014-03-01,99,¡º,74,97,42,3.8,37,72
2014-03-02,139,«·∂»Œ€»æ,106,140,35,3.8,30,86
2014-03-03,99,¡º,74,110,34,3.7,28,108
2014-03-04,101,«·∂»Œ€»æ,69,107,43,4.1,36,77
2014-03-05,99,¡º,44,82,72,3.9,44,56
2014-03-06,107,«·∂»Œ€»æ,80,116,56,3.5,45,62
2014-03-07,118,«·∂»Œ€»æ,89,120,57,3.1,44,83
2014-03-08,110,«·∂»Œ€»æ,83,120,49,3.2,38,104
2014-03-09,158,÷–∂»Œ€»æ,120,179,0,0,0,78
2014-03-10,104,«·∂»Œ€»æ,78,154,0,0,0,0
2014-03-11,82,¡º,60,95,67,3.1,32,114
2014-03-12,94,¡º,46,138,21,3.2,26,63
2014-03-13,90,¡º,46,82,67,3.6,40,71
2014-03-14,71,¡º,32,92,81,0,38,80
2014-03-15,75,¡º,43,99,40,2.9,35,100
2014-03-16,75,¡º,50,90,50,3,33,118
2014-03-17,168,÷–∂»Œ€»æ,127,270,53,3.5,43,112
2014-03-18,320,—œ÷ÿŒ€»æ,150,436,105,3.8,57,45
2014-03-19,115,«·∂»Œ€»æ,87,146,112,3.2,56,38
2014-03-20,77,¡º,49,103,24,2.9,43,101
2014-03-21,99,¡º,74,132,30,3.1,36,104
2014-03-22,102,«·∂»Œ€»æ,76,120,30,3.1,31,124
2014-03-23,115,«·∂»Œ€»æ,87,131,44,3.3,42,136
2014-03-24,158,÷–∂»Œ€»æ,120,154,34,3.1,41,131
2014-03-25,208,÷ÿ∂»Œ€»æ,158,199,47,2.9,41,98
2014-03-26,186,÷–∂»Œ€»æ,140,207,37,2.9,40,95
2014-03-27,127,«·∂»Œ€»æ,96,173,36,2.8,32,154
2014-03-28,179,÷–∂»Œ€»æ,135,191,43,3.8,41,145
2014-03-29,272,÷ÿ∂»Œ€»æ,222,280,42,3.5,49,132
2014-03-30,205,÷ÿ∂»Œ€»æ,155,226,83,3.2,59,105
2014-03-31,166,÷–∂»Œ€»æ,126,206,43,3.1,49,154
2014-04-01,104,«·∂»Œ€»æ,78,147,36,2.8,42,156
2014-04-02,103,«·∂»Œ€»æ,77,146,36,2.8,42,147
2014-04-03,122,«·∂»Œ€»æ,73,193,24,2.6,40,113
2014-04-04,158,÷–∂»Œ€»æ,120,181,37,2.1,46,128
2014-04-05,114,«·∂»Œ€»æ,53,178,59,1,40,100
2014-04-06,98,¡º,72,145,49,1.2,36,126
2014-04-07,127,«·∂»Œ€»æ,96,152,33,1.2,34,123
2014-04-08,198,÷–∂»Œ€»æ,148,187,41,0.8,34,146
2014-04-09,144,«·∂»Œ€»æ,110,170,18,0.7,29,162
2014-04-10,162,÷–∂»Œ€»æ,123,218,34,0.7,34,81
2014-04-11,137,«·∂»Œ€»æ,104,0,23,1,37,57
2014-04-12,188,÷–∂»Œ€»æ,141,0,36,1.4,43,94
2014-04-13,175,÷–∂»Œ€»æ,132,200,24,1.2,39,120
2014-04-14,94,¡º,70,102,20,0.7,25,118
2014-04-15,198,÷–∂»Œ€»æ,148,174,33,1.2,38,85
2014-04-16,122,«·∂»Œ€»æ,92,149,36,0.8,36,126
2014-04-17,226,÷ÿ∂»Œ€»æ,176,0,32,1.1,34,116
2014-04-18,284,÷ÿ∂»Œ€»æ,234,267,54,1.5,47,49
2014-04-19,153,÷–∂»Œ€»æ,117,0,18,1,35,41
2014-04-20,119,«·∂»Œ€»æ,90,137,18,0.9,31,91
2014-04-21,140,«·∂»Œ€»æ,107,144,28,1.1,42,63
2014-04-22,138,«·∂»Œ€»æ,105,162,26,1,27,101
2014-04-23,83,¡º,61,108,13,0.8,23,98
2014-04-24,120,«·∂»Œ€»æ,76,138,30,1,37,181
2014-04-25,130,«·∂»Œ€»æ,99,0,31,1.3,43,60
2014-04-26,54,¡º,38,0,6,0.7,14,81
2014-04-27,85,¡º,58,119,20,1,27,128
2014-04-28,86,¡º,50,0,25,1,39,143
2014-04-29,134,«·∂»Œ€»æ,102,172,62,1.3,42,160
2014-04-30,143,«·∂»Œ€»æ,109,171,48,1.3,34,162
2014-05-01,133,«·∂»Œ€»æ,101,189,35,1.2,30,156
2014-05-02,116,«·∂»Œ€»æ,45,181,20,0.8,25,116
2014-05-03,92,¡º,45,134,25,0.9,22,123
2014-05-04,89,¡º,43,128,19,0.8,21,108
2014-05-05,88,¡º,52,125,34,0.9,33,133
2014-05-06,93,¡º,52,136,21,0.9,16,148
2014-05-07,113,«·∂»Œ€»æ,76,128,46,1.2,27,174
2014-05-08,109,«·∂»Œ€»æ,82,0,52,1.5,0,159
2014-05-09,116,«·∂»Œ€»æ,73,112,27,1.5,25,177
2014-05-10,73,¡º,53,0,23,1.3,0,100
2014-05-11,80,¡º,58,0,21,1.4,0,136
2014-05-12,79,¡º,39,105,44,1.2,0,134
2014-05-13,82,¡º,60,97,22,1.4,23,114
2014-05-14,83,¡º,61,0,24,1.4,35,92
2014-05-15,91,¡º,52,131,32,1.4,36,118
2014-05-16,89,¡º,66,108,53,1.5,32,118
2014-05-17,156,÷–∂»Œ€»æ,119,154,34,1.9,45,198
2014-05-18,138,«·∂»Œ€»æ,93,154,56,1.8,36,201
2014-05-19,180,÷–∂»Œ€»æ,136,156,23,1.9,24,150
2014-05-20,131,«·∂»Œ€»æ,84,212,36,1.8,33,173
2014-05-21,130,«·∂»Œ€»æ,99,172,28,1.6,26,160
2014-05-22,144,«·∂»Œ€»æ,108,180,42,1.8,30,208
2014-05-23,96,¡º,64,141,36,1.7,24,150
2014-05-24,49,”≈,0,0,13,1.9,19,70
2014-05-25,62,¡º,0,0,27,1.9,37,114
2014-05-26,89,¡º,45,127,59,2,46,142
2014-05-27,97,¡º,60,144,56,1.7,45,139
2014-05-28,97,¡º,36,92,57,1.5,46,156
2014-05-29,92,¡º,53,133,37,1.8,35,133
2014-05-30,132,«·∂»Œ€»æ,83,160,30,2,39,195
2014-05-31,111,«·∂»Œ€»æ,78,172,48,2.3,54,169
2014-06-01,84,¡º,0,68,24,1.8,15,140
2014-06-02,69,¡º,18,48,10,1.5,8,122
2014-06-03,104,«·∂»Œ€»æ,37,66,24,1.8,22,164
2014-06-04,120,«·∂»Œ€»æ,52,99,38,2,40,181
2014-06-05,122,«·∂»Œ€»æ,43,88,52,2.1,38,184
2014-06-06,128,«·∂»Œ€»æ,90,177,40,2.4,33,190
2014-06-07,82,¡º,39,0,16,1.9,26,138
2014-06-08,111,«·∂»Œ€»æ,50,112,28,1.9,40,172
2014-06-09,115,«·∂»Œ€»æ,87,136,33,2.2,38,157
2014-06-10,216,÷ÿ∂»Œ€»æ,166,198,36,2.9,44,101
2014-06-11,172,÷–∂»Œ€»æ,130,157,32,2.6,29,140
2014-06-12,127,«·∂»Œ€»æ,0,0,29,2.5,36,189
2014-06-13,127,«·∂»Œ€»æ,0,0,0,0,0,189
2014-06-14,127,«·∂»Œ€»æ,96,0,0,0,0,0
2014-06-15,112,«·∂»Œ€»æ,84,0,10,2.6,18,77
2014-06-16,135,«·∂»Œ€»æ,103,0,0,0,0,77
2014-06-17,89,¡º,0,0,0,2.7,18,146
2014-06-18,90,¡º,0,0,11,3.3,21,148
2014-06-19,130,«·∂»Œ€»æ,99,138,8,3.4,25,123
2014-06-20,76,¡º,23,36,10,3,13,118
2014-06-21,74,¡º,28,46,10,2.7,19,128
2014-06-22,129,«·∂»Œ€»æ,53,92,29,2.7,33,191
2014-06-23,96,¡º,33,52,15,2.1,21,155
2014-06-24,145,«·∂»Œ€»æ,83,121,25,2.3,37,209
2014-06-25,65,¡º,39,57,19,1.9,21,118
2014-06-26,99,¡º,27,48,10,2,16,158
2014-06-27,120,«·∂»Œ€»æ,32,56,32,2,24,182
2014-06-28,128,«·∂»Œ€»æ,42,86,43,2.2,46,190
2014-06-29,63,¡º,45,73,26,2.2,36,85
2014-06-30,111,«·∂»Œ€»æ,52,87,19,2.2,21,172
2014-07-01,66,¡º,46,81,12,2.1,18,116
2014-07-02,71,¡º,27,53,9,1.9,14,125
2014-07-03,65,¡º,32,54,12,2,14,118
2014-07-04,66,¡º,21,38,40,1.9,20,119
2014-07-05,105,«·∂»Œ€»æ,62,94,10,2.2,26,165
2014-07-06,144,«·∂»Œ€»æ,110,169,31,2.5,44,196
2014-07-07,140,«·∂»Œ€»æ,107,143,12,2.1,24,171
2014-07-08,115,«·∂»Œ€»æ,69,117,10,1.9,20,176
2014-07-09,58,¡º,37,66,12,1.7,20,86
2014-07-10,43,”≈,27,42,10,1.7,21,82
2014-07-11,119,«·∂»Œ€»æ,67,0,16,2.1,32,180
2014-07-12,97,¡º,53,109,18,2,43,156
2014-07-13,120,«·∂»Œ€»æ,40,84,41,1.8,46,181
2014-07-14,92,¡º,40,75,11,1.5,24,150
2014-07-15,81,¡º,46,0,8,1.4,18,137
2014-07-16,85,¡º,0,0,0,0,0,141
2014-07-18,45,”≈,20,42,6,1.3,14,90
2014-07-19,52,¡º,23,53,9,1.3,16,88
2014-07-20,49,”≈,21,49,8,1.3,14,84
2014-07-21,79,¡º,27,60,6,1.4,13,134
2014-07-22,47,”≈,25,44,6,1.3,13,94
2014-07-23,56,¡º,23,0,10,1.3,22,107
2014-07-24,65,¡º,37,79,11,1.5,32,109
2014-07-25,69,¡º,27,55,15,1.3,24,122
2014-07-26,117,«·∂»Œ€»æ,63,98,32,1.7,36,178
2014-07-27,89,¡º,66,100,11,1.7,20,121
2014-07-28,88,¡º,58,100,10,1.7,20,145
2014-07-29,82,¡º,36,76,13,1.8,16,138
2014-07-30,41,”≈,14,28,11,1.6,20,82
2014-07-31,77,¡º,52,82,13,1.7,24,132
2014-08-01,108,«·∂»Œ€»æ,81,133,13,1.9,28,155
2014-08-02,88,¡º,65,110,14,1.7,26,139
2014-08-03,145,«·∂»Œ€»æ,111,169,14,1.8,32,163
2014-08-04,77,¡º,56,97,10,1.6,19,98
2014-08-05,43,”≈,28,43,14,1.6,14,71
2014-08-06,38,”≈,19,38,12,1.3,22,70
2014-08-07,60,¡º,22,39,12,1.7,26,112
2014-08-08,68,¡º,44,83,36,2.2,36,121
2014-08-09,62,¡º,31,50,31,1.7,28,114
2014-08-10,94,¡º,49,78,23,1.7,19,152
2014-08-11,119,«·∂»Œ€»æ,54,101,24,1.9,23,180
2014-08-12,130,«·∂»Œ€»æ,56,117,30,2,43,192
2014-08-13,78,¡º,57,0,32,2,22,126
2014-08-14,91,¡º,0,0,0,0,0,149
2014-08-15,105,«·∂»Œ€»æ,50,106,22,1.9,19,165
2014-08-16,70,¡º,41,90,16,1.7,18,76
2014-08-17,65,¡º,47,72,19,1.9,24,41
2014-08-18,67,¡º,48,80,39,1.9,24,0
2014-08-19,95,¡º,71,0,29,1.9,31,0
2014-08-20,100,¡º,75,0,28,1.8,30,0
2014-08-21,68,¡º,43,85,14,1.3,18,0
2014-08-22,69,¡º,44,88,17,1.3,21,0
2014-08-23,77,¡º,56,104,19,1.5,23,0
2014-08-24,65,¡º,47,80,19,1.4,22,0
2014-08-25,70,¡º,39,90,23,1.4,38,0
2014-08-26,81,¡º,59,111,35,1.5,32,0
2014-08-27,83,¡º,61,94,28,1.2,26,0
2014-08-28,59,¡º,40,68,17,0.7,20,0
2014-08-29,66,¡º,41,82,21,0.8,32,74
2014-08-30,94,¡º,70,104,22,1,33,58
2014-08-31,107,«·∂»Œ€»æ,80,85,37,0.9,30,50
2014-09-01,87,¡º,64,95,31,1,38,34
2014-09-02,47,”≈,26,47,16,0.7,18,69
2014-09-03,74,¡º,26,60,16,0.8,30,128
2014-09-04,117,«·∂»Œ€»æ,44,97,22,1,43,178
2014-09-05,90,¡º,40,73,16,0.8,22,148
2014-09-06,100,¡º,75,111,20,1.2,30,60
2014-09-07,102,«·∂»Œ€»æ,76,114,13,1.3,24,38
2014-09-08,88,¡º,65,106,18,1.2,22,44
2014-09-09,92,¡º,68,124,44,1.5,52,51
2014-09-10,156,÷–∂»Œ€»æ,119,182,23,1.7,40,45
2014-09-11,39,”≈,22,39,16,0.9,23,25
2014-09-12,49,”≈,34,46,18,0.9,24,26
2014-09-13,65,¡º,46,80,40,1.2,35,47
2014-09-14,70,¡º,51,69,17,1.2,37,25
2014-09-15,30,”≈,0,28,13,1,24,0
2014-09-16,47,”≈,22,35,16,1.6,37,16
2014-09-17,30,”≈,18,22,17,1,24,16
2014-09-18,55,¡º,37,60,27,1,28,16
2014-09-19,56,¡º,29,62,20,1.2,23,38
2014-09-20,56,¡º,29,62,22,1.1,22,36
2014-09-21,66,¡º,41,82,19,1.2,34,36
2014-09-22,78,¡º,54,106,25,1.3,42,46
2014-09-23,100,¡º,75,120,33,1.4,40,41
2014-09-24,132,«·∂»Œ€»æ,100,134,22,1.9,40,24
2014-09-25,93,¡º,69,111,21,1.3,47,30
2014-09-26,112,«·∂»Œ€»æ,84,126,21,1.3,30,51
2014-09-27,195,÷–∂»Œ€»æ,146,208,18,1.7,39,29
2014-09-28,90,¡º,67,102,26,1.5,30,26
2014-09-29,62,¡º,0,73,25,1,25,46
2014-09-30,62,¡º,37,74,60,0.9,48,26
2014-10-01,84,¡º,62,89,35,1.1,47,38
2014-10-02,91,¡º,0,132,50,1.8,53,32
2014-10-03,85,¡º,0,120,38,1.9,49,54
2014-10-04,93,¡º,0,136,24,1.9,42,37
2014-10-05,97,¡º,72,122,23,1.6,31,47
2014-10-06,52,¡º,0,0,40,1.4,41,30
2014-10-07,114,«·∂»Œ€»æ,86,134,37,1.7,29,61
2014-10-08,118,«·∂»Œ€»æ,89,116,41,1.8,41,64
2014-10-09,128,«·∂»Œ€»æ,97,119,34,1.6,52,61
2014-10-10,132,«·∂»Œ€»æ,100,135,41,1.9,69,82
2014-10-11,144,«·∂»Œ€»æ,110,162,38,2.2,74,91
2014-10-12,84,¡º,0,118,18,1.4,42,28
2014-10-13,63,¡º,26,61,25,1.5,50,37
2014-10-14,100,¡º,75,119,55,1.8,61,53
2014-10-15,82,¡º,47,104,41,1.6,65,50
2014-10-16,70,¡º,30,81,48,1.4,56,44
2014-10-17,71,¡º,49,92,55,1.5,56,61
2014-10-18,119,«·∂»Œ€»æ,90,128,39,1.9,57,109
2014-10-19,119,«·∂»Œ€»æ,90,97,14,1.8,36,30
2014-10-20,95,¡º,71,82,14,1.8,35,20
2014-10-21,52,¡º,34,53,20,1.5,36,49
2014-10-22,69,¡º,50,76,38,1.5,47,74
2014-10-23,62,¡º,44,60,24,1.4,29,84
2014-10-24,69,¡º,50,84,19,1.3,26,78
2014-10-25,85,¡º,63,96,22,1.3,28,87
2014-10-26,113,«·∂»Œ€»æ,85,134,26,1.8,34,38
2014-10-27,67,¡º,24,70,74,1.2,53,30
2014-10-28,74,¡º,47,98,51,1.5,58,47
2014-10-29,117,«·∂»Œ€»æ,88,141,51,1.8,64,49
2014-10-30,232,÷ÿ∂»Œ€»æ,182,242,88,2.3,80,38
2014-10-31,210,÷ÿ∂»Œ€»æ,160,191,48,2.1,65,51
2014-11-01,196,÷–∂»Œ€»æ,147,183,52,2.4,66,20
2014-11-02,69,¡º,23,88,46,1.6,45,46
2014-11-03,89,¡º,60,127,64,2,59,49
2014-11-04,68,¡º,37,86,33,1.4,33,80
2014-11-05,119,«·∂»Œ€»æ,90,167,37,2.7,66,35
2014-11-06,95,¡º,71,123,34,2.1,47,42
2014-11-07,71,¡º,43,92,49,1.8,55,35
2014-11-08,114,«·∂»Œ€»æ,86,146,52,2.1,65,29
2014-11-09,195,÷–∂»Œ€»æ,146,196,45,2.3,67,76
2014-11-10,140,«·∂»Œ€»æ,107,126,26,2.1,39,58
2014-11-11,94,¡º,70,105,33,2.1,41,54
2014-11-12,66,¡º,34,82,26,1.8,47,49
2014-11-13,94,¡º,70,133,52,2.2,59,46
2014-11-14,172,÷–∂»Œ€»æ,130,171,53,2.4,70,60
2014-11-15,138,«·∂»Œ€»æ,105,114,28,2.4,57,30
2014-11-16,156,÷–∂»Œ€»æ,119,182,26,3.7,67,24
2014-11-17,132,«·∂»Œ€»æ,100,173,54,3.2,66,42
2014-11-18,119,«·∂»Œ€»æ,90,128,50,2.3,61,39
2014-11-19,100,¡º,75,120,41,2.2,50,48
2014-11-20,135,«·∂»Œ€»æ,103,163,40,2.4,57,39
2014-11-21,319,—œ÷ÿŒ€»æ,269,332,44,3.8,100,21
2014-11-22,336,—œ÷ÿŒ€»æ,286,385,65,4.7,118,20
2014-11-23,190,÷–∂»Œ€»æ,143,174,50,3.5,74,20
2014-11-24,266,÷ÿ∂»Œ€»æ,216,262,63,4.1,92,26
2014-11-25,252,÷ÿ∂»Œ€»æ,202,260,78,4.3,94,27
2014-11-26,192,÷–∂»Œ€»æ,144,170,23,3.1,42,34
2014-11-27,176,÷–∂»Œ€»æ,133,148,25,3.9,59,11
2014-11-28,89,¡º,66,92,22,2.9,41,18
2014-11-29,112,«·∂»Œ€»æ,84,111,26,3.1,46,17
2014-11-30,119,«·∂»Œ€»æ,90,143,40,3.4,54,24
2014-12-31,71,¡º,28,91,27,1.3,40,0
2014-12-01,75,¡º,28,100,26,2.2,30,48
2014-12-02,102,«·∂»Œ€»æ,76,147,41,2.4,55,38
2014-12-03,209,÷ÿ∂»Œ€»æ,159,240,67,3.2,75,0
2014-12-04,110,«·∂»Œ€»æ,83,160,65,3.4,64,31
2014-12-05,93,¡º,0,0,64,0,74,22
2014-12-06,153,÷–∂»Œ€»æ,117,166,62,2,65,49
2014-12-07,268,÷ÿ∂»Œ€»æ,218,278,98,2.4,93,38
2014-12-08,155,÷–∂»Œ€»æ,118,178,78,1.5,71,39
2014-12-09,117,«·∂»Œ€»æ,88,109,89,1.3,72,17
2014-12-10,72,¡º,52,88,35,1.1,49,40
2014-12-11,68,¡º,38,84,69,1.1,54,35
2014-12-12,60,¡º,22,62,51,1.1,48,49
2014-12-13,69,¡º,28,80,60,1.5,55,44
2014-12-14,145,«·∂»Œ€»æ,111,128,58,1.5,74,26
2014-12-15,140,«·∂»Œ€»æ,107,157,56,1.7,56,37
2014-12-16,49,”≈,22,49,34,0.8,37,51
2014-12-17,72,¡º,34,58,62,1,57,38
2014-12-18,68,¡º,44,77,53,1,54,45
2014-12-19,80,¡º,44,100,52,1.6,64,33
2014-12-20,68,¡º,16,72,50,1.3,54,30
2014-12-21,63,¡º,31,76,56,1.4,48,36
2014-12-22,67,¡º,47,72,52,1.3,53,38
2014-12-23,104,«·∂»Œ€»æ,78,107,57,1.5,62,42
2014-12-24,152,÷–∂»Œ€»æ,116,156,91,2.4,86,31
2014-12-25,85,¡º,46,96,60,1.8,68,51
2014-12-26,109,«·∂»Œ€»æ,82,118,52,1.7,70,36
2014-12-27,180,÷–∂»Œ€»æ,136,145,75,1.9,74,21
2014-12-28,137,«·∂»Œ€»æ,104,153,67,2.3,78,28
2014-12-29,88,¡º,48,96,76,1.8,70,38
2014-12-30,117,«·∂»Œ€»æ,88,129,88,2.6,96,50
2015-01-01,69,¡º,50,77,51,1.4,50,53
2015-01-02,92,¡º,50,119,72,2,73,28
2015-01-03,123,«·∂»Œ€»æ,93,135,76,1.9,74,22
2015-01-04,225,÷ÿ∂»Œ€»æ,175,149,60,2.3,87,43
2015-01-05,204,÷ÿ∂»Œ€»æ,154,303,0,5,126,0
2015-01-06,58,¡º,34,66,57,1,44,42
2015-01-07,155,÷–∂»Œ€»æ,118,126,70,1,63,46
2015-01-08,311,—œ÷ÿŒ€»æ,261,272,96,2.1,93,28
2015-01-09,328,—œ÷ÿŒ€»æ,278,282,107,3.3,117,33
2015-01-10,221,÷ÿ∂»Œ€»æ,171,204,128,2.8,104,40
2015-01-11,99,¡º,62,132,82,2.3,79,38
2015-01-12,73,¡º,47,78,64,1.5,58,41
2015-01-13,115,«·∂»Œ€»æ,87,90,68,1.5,57,57
2015-01-14,147,«·∂»Œ€»æ,112,137,33,1.5,53,36
2015-01-15,362,—œ÷ÿŒ€»æ,312,406,73,3.8,89,40
2015-01-16,222,÷ÿ∂»Œ€»æ,172,235,42,2.9,73,65
2015-01-17,85,¡º,63,108,51,1.6,50,62
2015-01-18,83,¡º,43,115,47,1.4,41,72
2015-01-19,77,¡º,37,104,56,1.5,48,76
2015-01-20,104,«·∂»Œ€»æ,78,131,42,1.8,56,64
2015-01-21,87,¡º,64,124,47,2.4,60,72
2015-01-22,78,¡º,57,101,45,1.8,52,88
2015-01-23,113,«·∂»Œ€»æ,85,130,36,1.8,56,74
2015-01-24,267,÷ÿ∂»Œ€»æ,217,252,60,3.5,90,4
2015-01-25,102,«·∂»Œ€»æ,76,103,24,2.1,46,59
2015-01-26,190,÷–∂»Œ€»æ,143,194,34,2.4,56,20
2015-01-27,92,¡º,68,106,24,1.5,41,54
2015-01-28,97,¡º,72,109,52,1.3,49,27
2015-01-29,149,«·∂»Œ€»æ,114,144,73,1.3,53,27
2015-01-30,186,÷–∂»Œ€»æ,140,182,60,1.6,52,61
2015-01-31,80,¡º,59,99,46,1.1,59,71
2015-02-01,124,«·∂»Œ€»æ,94,127,54,1.2,58,72
2015-02-02,189,÷–∂»Œ€»æ,142,136,30,1.2,48,82
2015-02-03,315,—œ÷ÿŒ€»æ,265,262,55,2.3,62,50
2015-02-04,214,÷ÿ∂»Œ€»æ,164,208,49,2.3,58,77
2015-02-05,85,¡º,63,112,55,1.4,55,72
2015-02-06,139,«·∂»Œ€»æ,106,158,53,1.6,63,55
2015-02-07,148,«·∂»Œ€»æ,113,195,68,2.3,57,64
2015-02-08,76,¡º,47,102,30,1.2,43,87
2015-02-09,84,¡º,56,117,28,0.9,31,78
2015-02-10,123,«·∂»Œ€»æ,93,147,58,1.3,48,64
2015-02-11,138,«·∂»Œ€»æ,105,187,54,1.8,60,87
2015-02-12,205,÷ÿ∂»Œ€»æ,155,215,58,2.2,67,84
2015-02-13,117,«·∂»Œ€»æ,88,175,42,1.7,48,98
2015-02-14,160,÷–∂»Œ€»æ,122,234,27,1.7,40,96
2015-02-15,215,÷ÿ∂»Œ€»æ,165,250,18,2.5,38,38
2015-02-16,160,÷–∂»Œ€»æ,122,254,38,2.3,45,117
2015-02-17,156,÷–∂»Œ€»æ,115,262,40,1.8,43,100
2015-02-18,105,«·∂»Œ€»æ,71,159,56,1.6,34,76
2015-02-19,156,÷–∂»Œ€»æ,119,190,54,1.4,26,80
2015-02-20,68,¡º,49,70,12,1.2,17,50
2015-02-21,160,÷–∂»Œ€»æ,122,181,10,1.9,22,42
2015-02-22,98,¡º,40,146,16,1.1,18,80
2015-02-23,108,«·∂»Œ€»æ,54,166,19,1.2,23,66
2015-02-24,137,«·∂»Œ€»æ,104,197,9,1.5,21,70
2015-02-25,180,÷–∂»Œ€»æ,136,262,32,2.1,38,114
2015-02-26,135,«·∂»Œ€»æ,103,189,60,2.1,50,107
2015-02-27,68,¡º,45,86,48,1.2,35,61
2015-02-28,92,¡º,68,108,42,1.2,30,69
2015-03-01,88,¡º,60,125,27,1.3,39,104
2015-03-02,87,¡º,63,123,24,1.2,35,69
2015-03-03,109,«·∂»Œ€»æ,28,167,15,0.9,23,100
2015-03-04,66,¡º,32,81,28,1,36,95
2015-03-05,107,«·∂»Œ€»æ,80,151,40,1.1,35,73
2015-03-06,115,«·∂»Œ€»æ,87,126,20,1,22,99
2015-03-07,98,¡º,73,132,15,1,23,100
2015-03-08,132,«·∂»Œ€»æ,100,139,24,1.2,30,66
2015-03-09,97,¡º,60,143,17,1.1,28,79
2015-03-10,78,¡º,41,106,33,1,36,100
2015-03-11,95,¡º,64,140,38,1.4,42,86
2015-03-12,130,«·∂»Œ€»æ,99,183,40,1.4,44,91
2015-03-13,145,«·∂»Œ€»æ,111,196,42,1.7,55,122
2015-03-14,114,«·∂»Œ€»æ,86,149,58,1.3,52,113
2015-03-15,209,÷ÿ∂»Œ€»æ,159,188,24,1.3,40,103
2015-03-16,150,«·∂»Œ€»æ,115,135,14,1.3,27,90
2015-03-17,155,÷–∂»Œ€»æ,118,136,11,1.5,32,75
2015-03-18,77,¡º,56,104,15,1.2,39,90
2015-03-19,149,«·∂»Œ€»æ,114,164,30,1.6,54,56
2015-03-20,160,÷–∂»Œ€»æ,122,180,29,1.8,56,96
2015-03-21,121,«·∂»Œ€»æ,83,192,33,1.4,52,116
2015-03-22,154,÷–∂»Œ€»æ,88,257,54,1.1,48,88
2015-03-23,85,¡º,42,119,32,1,48,61
2015-03-24,106,«·∂»Œ€»æ,69,162,48,1.3,51,121
2015-03-25,74,¡º,45,94,27,1.1,38,128
2015-03-26,70,¡º,51,84,27,1.1,39,102
2015-03-27,104,«·∂»Œ€»æ,78,119,32,1.3,37,141
2015-03-28,131,«·∂»Œ€»æ,82,211,26,1.6,59,127
2015-03-29,171,÷–∂»Œ€»æ,122,292,48,1.6,61,168
2015-03-30,158,÷–∂»Œ€»æ,120,200,34,1.5,35,174
2015-03-31,128,«·∂»Œ€»æ,97,104,10,1.6,33,66
2015-04-01,44,”≈,27,32,3,1.1,18,87
2015-04-02,60,¡º,43,58,8,1.6,27,90
2015-04-03,120,«·∂»Œ€»æ,91,0,28,1.9,42,120
2015-04-04,85,¡º,63,78,20,1.4,37,124
2015-04-05,149,«·∂»Œ€»æ,114,165,23,1.9,62,109
2015-04-06,79,¡º,38,107,12,1.1,28,95
2015-04-07,62,¡º,40,74,45,1.5,37,106
2015-04-08,69,¡º,38,88,16,1.3,23,106
2015-04-09,85,¡º,63,100,28,1.3,28,106
2015-04-10,112,«·∂»Œ€»æ,84,141,23,1.5,33,142
2015-04-11,112,«·∂»Œ€»æ,84,148,14,1.3,25,138
2015-04-12,107,«·∂»Œ€»æ,50,164,8,1.2,21,108
2015-04-13,82,¡º,60,0,9,1.3,31,102
2015-04-14,101,«·∂»Œ€»æ,74,153,36,1.6,42,107
2015-04-15,79,¡º,58,0,26,1.3,30,110
2015-04-16,141,«·∂»Œ€»æ,71,231,14,0.9,22,102
2015-04-17,122,«·∂»Œ€»æ,90,194,43,1.2,40,91
2015-04-18,153,÷–∂»Œ€»æ,117,198,50,1.5,45,112
2015-04-19,90,¡º,67,0,9,1.2,19,90
2015-04-20,72,¡º,52,0,32,1.3,29,110
2015-04-21,89,¡º,66,121,24,1.2,32,72
2015-04-22,103,«·∂»Œ€»æ,77,125,29,1.1,34,121
2015-04-23,100,¡º,75,137,21,1.2,28,132
2015-04-24,159,÷–∂»Œ€»æ,121,176,30,1.4,37,148
2015-04-25,128,«·∂»Œ€»æ,97,151,21,1.3,32,149
2015-04-26,83,¡º,61,116,26,1.2,31,139
2015-04-27,90,¡º,67,95,19,1.3,29,99
2015-04-28,104,«·∂»Œ€»æ,78,114,20,1.3,22,122
2015-04-29,99,¡º,57,113,26,1.2,40,158
2015-04-30,107,«·∂»Œ€»æ,80,137,20,1.2,52,152
2015-05-01,99,¡º,60,100,21,1.2,38,158
2015-05-02,52,¡º,34,54,6,1.1,19,99
2015-05-03,129,«·∂»Œ€»æ,98,138,38,1.5,48,109
2015-05-04,81,¡º,37,111,41,1.2,36,108
2015-05-05,98,¡º,73,129,20,1.4,39,115
2015-05-06,104,«·∂»Œ€»æ,78,117,16,1.4,25,94
2015-05-07,120,«·∂»Œ€»æ,91,155,20,1.6,30,118
2015-05-08,80,¡º,59,92,16,1.1,28,106
2015-05-09,85,¡º,63,81,14,1.2,22,63
2015-05-10,63,¡º,45,68,10,1,21,41
2015-05-11,65,¡º,32,80,16,1.4,36,114
2015-05-12,83,¡º,33,116,31,0.8,34,138
2015-05-13,98,¡º,70,146,19,0.9,34,154
2015-05-14,94,¡º,54,138,18,0.9,30,106
2015-05-15,125,«·∂»Œ€»æ,66,138,32,0.9,30,187
2015-05-16,127,«·∂»Œ€»æ,96,138,39,1.1,44,188
2015-05-17,97,¡º,72,107,18,1.1,50,144
2015-05-18,105,«·∂»Œ€»æ,58,112,20,1,32,165
2015-05-19,100,¡º,57,137,25,1,27,159
2015-05-20,81,¡º,48,87,35,1,38,137
2015-05-21,89,¡º,66,110,47,1.2,58,80
2015-05-22,104,«·∂»Œ€»æ,77,117,35,1.1,45,164
2015-05-23,109,«·∂»Œ€»æ,82,112,25,1.1,42,163
2015-05-24,151,÷–∂»Œ€»æ,72,111,22,1.1,38,216
2015-05-25,138,«·∂»Œ€»æ,81,121,25,1,54,201
2015-05-26,127,«·∂»Œ€»æ,96,139,25,1.2,45,178
2015-05-27,140,«·∂»Œ€»æ,84,127,24,1.2,34,204
2015-05-28,107,«·∂»Œ€»æ,80,111,17,1.2,20,148
2015-05-29,135,«·∂»Œ€»æ,103,139,15,1.5,24,117
2015-05-30,118,«·∂»Œ€»æ,80,128,23,1.4,32,179
2015-05-31,138,«·∂»Œ€»æ,105,162,14,1.4,39,190
2015-06-01,129,«·∂»Œ€»æ,98,148,11,1.3,37,164
2015-06-02,117,«·∂»Œ€»æ,47,110,15,1,24,178
2015-06-03,108,«·∂»Œ€»æ,43,96,37,1,31,168
2015-06-04,85,¡º,45,120,16,0.9,38,109
2015-06-05,110,«·∂»Œ€»æ,54,170,22,0.8,43,112
2015-06-06,118,«·∂»Œ€»æ,66,186,16,0.8,34,138
2015-06-07,128,«·∂»Œ€»æ,82,205,24,1.2,29,173
2015-06-08,70,¡º,35,90,20,0.8,30,120
2015-06-09,110,«·∂»Œ€»æ,67,170,22,0.9,43,166
2015-06-10,118,«·∂»Œ€»æ,89,142,13,1.1,43,132
2015-06-11,74,¡º,31,99,21,0.9,27,110
2015-06-12,102,«·∂»Œ€»æ,64,155,29,1,41,148
2015-06-13,86,¡º,49,122,18,0.8,24,141
2015-06-14,107,«·∂»Œ€»æ,80,110,29,1.2,22,160
2015-06-15,150,«·∂»Œ€»æ,115,142,37,1.4,36,118
2015-06-16,126,«·∂»Œ€»æ,96,126,13,1.2,31,106
2015-06-17,153,÷–∂»Œ€»æ,117,168,20,1.4,34,131
2015-06-18,126,«·∂»Œ€»æ,96,162,20,1.4,28,110
2015-06-19,125,«·∂»Œ€»æ,95,129,25,1.4,26,107
2015-06-20,56,¡º,34,62,12,1.1,27,83
2015-06-21,93,¡º,70,134,23,1.5,54,113
2015-06-22,102,«·∂»Œ€»æ,76,126,17,1.2,34,114
2015-06-23,130,«·∂»Œ€»æ,99,134,17,1.3,41,98
2015-06-24,61,¡º,44,32,5,0.8,22,59
2015-06-25,40,”≈,28,38,7,0.8,25,27
2015-06-26,55,¡º,39,59,8,1,28,65
2015-06-27,65,¡º,47,69,6,0.8,27,74
2015-06-28,77,¡º,57,76,6,0.9,26,94
2015-06-29,58,¡º,41,50,5,0.9,24,76
2015-06-30,51,¡º,33,51,7,0.8,21,51
2015-07-01,73,¡º,43,97,20,1,32,94
2015-07-02,63,¡º,25,75,13,0.9,33,81
2015-07-03,78,¡º,37,102,27,1,41,134
2015-07-04,68,¡º,38,86,17,0.9,36,107
2015-07-05,68,¡º,37,86,16,0.9,27,116
2015-07-06,106,«·∂»Œ€»æ,80,138,20,1.3,37,98
2015-07-07,80,¡º,56,111,14,1.1,31,94
2015-07-08,122,«·∂»Œ€»æ,93,154,15,1.3,36,114
2015-07-09,77,¡º,55,105,20,1.1,32,94
2015-07-10,67,¡º,37,84,21,1.1,39,105
2015-07-11,79,¡º,58,90,6,1.1,32,65
2015-07-12,74,¡º,51,99,8,1.3,36,104
2015-07-13,85,¡º,56,121,10,1.3,43,129
2015-07-14,98,¡º,63,147,7,1.2,49,141
2015-07-15,51,¡º,33,53,5,1,32,91
2015-07-16,66,¡º,48,72,7,1.4,31,59
2015-07-17,92,¡º,68,105,8,1.3,35,47
2015-07-18,108,«·∂»Œ€»æ,81,124,6,1.3,42,49
2015-07-19,60,¡º,41,71,7,1.1,29,57
2015-07-20,97,¡º,72,94,7,1.1,30,72
2015-07-21,92,¡º,68,104,8,1.1,34,105
2015-07-22,75,¡º,46,99,8,1.2,41,109
2015-07-23,69,¡º,41,87,10,1.2,39,106
2015-07-24,81,¡º,29,69,9,1.1,26,137
2015-07-25,67,¡º,36,80,10,1.2,33,120
2015-07-26,86,¡º,59,122,6,1.3,46,117
2015-07-27,68,¡º,39,86,6,1.1,38,86
2015-07-28,65,¡º,30,79,6,0.9,40,98
2015-07-29,64,¡º,24,78,6,0.8,42,111
2015-07-30,60,¡º,25,70,6,0.9,31,111
2015-07-31,55,¡º,25,60,7,1,25,74
2015-08-01,109,«·∂»Œ€»æ,82,136,6,1.2,26,98
2015-08-02,64,¡º,30,78,6,0.9,38,108
2015-08-03,61,¡º,23,71,7,0.9,32,109
2015-08-04,53,¡º,33,56,7,1.1,24,92
2015-08-05,58,¡º,37,65,7,1.1,28,79
2015-08-06,58,¡º,39,66,6,1,23,96
2015-08-07,87,¡º,64,103,6,1.2,25,132
2015-08-08,99,¡º,74,110,7,1.3,24,156
2015-08-09,64,¡º,36,68,8,1,24,116
2015-08-10,94,¡º,48,88,10,1.1,27,152
2015-08-11,134,«·∂»Œ€»æ,96,145,11,1.3,24,197
2015-08-12,155,÷–∂»Œ€»æ,118,181,8,1.6,37,132
2015-08-13,99,¡º,74,115,7,1.2,40,120
2015-08-14,77,¡º,56,98,8,1.3,28,125
2015-08-15,67,¡º,47,83,10,1.2,22,117
2015-08-16,109,«·∂»Œ€»æ,82,128,10,1.5,32,133
2015-08-17,97,¡º,72,122,8,1.4,41,107
2015-08-18,78,¡º,57,104,10,1.3,29,94
2015-08-19,61,¡º,38,72,9,1.1,28,108
2015-08-20,56,¡º,34,61,11,1.1,27,105
2015-08-21,149,«·∂»Œ€»æ,74,143,14,1.5,32,213
2015-08-22,114,«·∂»Œ€»æ,72,128,11,1.4,21,175
2015-08-23,130,«·∂»Œ€»æ,34,70,20,1.2,22,192
2015-08-24,84,¡º,37,64,11,1.3,14,140
2015-08-25,104,«·∂»Œ€»æ,32,58,14,1.4,16,164
2015-08-26,63,¡º,40,76,19,1.4,27,104
2015-08-27,98,¡º,70,145,40,2.1,49,107
2015-08-28,85,¡º,63,108,14,1.9,34,108
2015-08-29,60,¡º,25,52,26,1.6,21,111
2015-08-30,58,¡º,41,62,18,1.8,27,94
2015-08-31,57,¡º,40,57,12,1.9,18,94
2015-09-01,42,”≈,17,27,10,1.3,10,84
2015-09-02,39,”≈,14,29,12,1.2,17,78
2015-09-03,52,¡º,26,53,16,1.4,33,100
2015-09-04,59,¡º,42,58,14,1.5,28,63
2015-09-05,42,”≈,26,42,11,1.5,17,72
2015-09-06,48,”≈,33,45,14,1.6,17,68
2015-09-07,54,¡º,20,50,25,1.4,35,104
2015-09-08,82,¡º,60,114,30,1.7,44,115
2015-09-09,87,¡º,64,95,18,1.5,26,63
2015-09-10,152,÷–∂»Œ€»æ,116,146,18,1.9,25,90
2015-09-11,46,”≈,28,46,12,1.3,19,60
2015-09-12,63,¡º,30,76,24,1.5,36,74
2015-09-13,66,¡º,30,82,33,1.2,46,90
2015-09-14,69,¡º,40,87,28,1.3,38,118
2015-09-15,82,¡º,60,110,28,1.6,44,90
2015-09-16,94,¡º,70,124,27,1.7,49,110
2015-09-17,82,¡º,60,102,36,1.4,32,134
2015-09-18,138,«·∂»Œ€»æ,105,154,26,1.9,30,102
2015-09-19,124,«·∂»Œ€»æ,94,137,22,1.8,34,117
2015-09-20,90,¡º,67,120,35,1.6,46,119
2015-09-21,129,«·∂»Œ€»æ,98,152,29,1.7,34,106
2015-09-22,118,«·∂»Œ€»æ,89,119,24,1.5,33,107
2015-09-23,134,«·∂»Œ€»æ,102,148,22,1.5,35,114
2015-09-24,182,÷–∂»Œ€»æ,137,189,21,1.7,45,96
2015-09-25,145,«·∂»Œ€»æ,111,151,20,1.5,30,109
2015-09-26,91,¡º,52,131,46,1.6,45,138
2015-09-27,112,«·∂»Œ€»æ,84,170,30,1.7,32,135
2015-09-28,92,¡º,62,134,32,1.6,28,93
2015-09-29,67,¡º,35,84,21,1.5,27,78
2015-09-30,69,¡º,36,88,21,1.5,30,102
2015-10-01,74,¡º,28,98,24,1.1,31,81
2015-10-02,123,«·∂»Œ€»æ,44,196,34,1.2,38,77
2015-10-03,133,«·∂»Œ€»æ,82,215,44,2,64,104
2015-10-04,235,÷ÿ∂»Œ€»æ,185,314,41,2.3,65,107
2015-10-05,100,¡º,61,149,25,1.4,32,70
2015-10-06,138,«·∂»Œ€»æ,105,178,25,1.8,39,67
2015-10-07,92,¡º,68,106,18,1.6,31,54
2015-10-08,66,¡º,25,82,19,1.3,29,53
2015-10-09,81,¡º,34,111,26,1.4,39,66
2015-10-10,65,¡º,28,80,18,1.2,31,70
2015-10-11,77,¡º,45,103,36,1.6,48,67
2015-10-12,84,¡º,61,118,36,2.1,56,91
2015-10-13,139,«·∂»Œ€»æ,106,164,35,2,58,116
2015-10-14,155,÷–∂»Œ€»æ,118,160,25,1.7,44,128
2015-10-15,158,÷–∂»Œ€»æ,120,185,30,2.3,52,115
2015-10-16,148,«·∂»Œ€»æ,113,172,41,2.2,51,124
2015-10-17,152,÷–∂»Œ€»æ,116,184,32,2.1,41,138
2015-10-18,160,÷–∂»Œ€»æ,122,180,28,2.1,38,82
2015-10-19,70,¡º,44,90,18,1.6,32,86
2015-10-20,109,«·∂»Œ€»æ,82,136,27,1.9,36,91
2015-10-21,129,«·∂»Œ€»æ,98,174,21,2.4,36,40
2015-10-22,63,¡º,44,75,17,2.1,26,17
2015-10-23,77,¡º,54,104,26,2.2,33,44
2015-10-24,84,¡º,62,117,34,2.3,33,76
2015-10-25,51,¡º,25,51,18,1.5,27,48
2015-10-26,55,¡º,33,60,20,1.8,29,32
2015-10-27,75,¡º,31,99,43,1.8,39,61
2015-10-28,108,«·∂»Œ€»æ,81,130,38,1.8,50,61
2015-10-29,65,¡º,39,79,36,1.6,40,64
2015-10-30,88,¡º,65,122,43,2,51,79
2015-10-31,113,«·∂»Œ€»æ,85,140,62,1.4,49,51
2015-11-01,128,«·∂»Œ€»æ,97,148,58,1.4,48,54
2015-11-02,109,«·∂»Œ€»æ,82,140,44,1.4,52,79
2015-11-03,120,«·∂»Œ€»æ,91,140,38,1.2,44,123
2015-11-04,200,÷–∂»Œ€»æ,150,199,46,1.6,48,131
2015-11-05,234,÷ÿ∂»Œ€»æ,184,282,28,2,45,54
2015-11-06,32,”≈,22,23,4,1.2,17,42
2015-11-07,40,”≈,28,39,5,1.3,18,41
2015-11-08,69,¡º,50,63,8,1.5,24,53
2015-11-09,115,«·∂»Œ€»æ,87,125,27,1.8,30,52
2015-11-10,173,÷–∂»Œ€»æ,131,194,31,2,38,54
2015-11-11,227,÷ÿ∂»Œ€»æ,177,275,71,2.8,69,20
2015-11-12,226,÷ÿ∂»Œ€»æ,176,250,53,3.2,60,56
2015-11-13,270,÷ÿ∂»Œ€»æ,220,292,57,3.2,58,90
2015-11-14,231,÷ÿ∂»Œ€»æ,181,263,46,2.7,62,51
2015-11-15,169,÷–∂»Œ€»æ,128,186,24,2.5,44,20
2015-11-16,84,¡º,62,71,12,2.5,35,24
2015-11-17,80,¡º,59,90,16,1.8,31,28
2015-11-18,64,¡º,46,68,14,1.5,24,38
2015-11-19,128,«·∂»Œ€»æ,97,150,38,1.8,42,33
2015-11-20,145,«·∂»Œ€»æ,111,161,27,1.5,52,19
2015-11-21,72,¡º,52,70,15,1.8,44,8
2015-11-22,40,”≈,26,34,11,1.3,32,42
2015-11-23,54,¡º,30,58,14,1.4,30,41
2015-11-24,80,¡º,24,110,17,1.3,26,57
2015-11-25,74,¡º,54,79,47,1.6,36,47
2015-11-26,69,¡º,50,82,55,1.9,44,107
2015-11-27,63,¡º,45,68,30,1.5,44,94
2015-11-28,120,«·∂»Œ€»æ,91,124,42,2.4,58,51
2015-11-29,152,÷–∂»Œ€»æ,116,186,64,3.4,68,32
2015-11-30,209,÷ÿ∂»Œ€»æ,159,345,44,3,53,40
2015-12-01,150,«·∂»Œ€»æ,115,239,40,3.2,66,27
2015-12-02,112,«·∂»Œ€»æ,54,174,34,2,50,64
2015-12-03,80,¡º,22,109,48,1.5,38,62
2015-12-04,96,¡º,48,141,52,1.9,56,56
2015-12-05,104,«·∂»Œ€»æ,78,154,68,2.4,79,28
2015-12-06,115,«·∂»Œ€»æ,87,164,76,2.7,77,49
2015-12-07,227,÷ÿ∂»Œ€»æ,177,337,66,3.6,82,22
2015-12-08,229,÷ÿ∂»Œ€»æ,179,360,68,3.2,70,62
2015-12-09,235,÷ÿ∂»Œ€»æ,185,307,35,3,66,38
2015-12-10,500,—œ÷ÿŒ€»æ,362,627,68,5.4,116,32
2015-12-11,152,÷–∂»Œ€»æ,116,217,32,2.4,57,70
2015-12-12,100,¡º,72,149,43,1.8,50,67
2015-12-13,186,÷–∂»Œ€»æ,140,228,86,2.7,72,60
2015-12-14,212,÷ÿ∂»Œ€»æ,162,264,74,2.6,68,56
2015-12-15,75,¡º,36,100,44,1.4,36,67
2015-12-16,60,¡º,24,70,31,1.3,31,62
2015-12-17,95,¡º,61,139,58,1.8,54,60
2015-12-18,137,«·∂»Œ€»æ,104,209,64,2.3,84,46
2015-12-19,318,—œ÷ÿŒ€»æ,268,432,95,4.1,113,24
2015-12-20,295,÷ÿ∂»Œ€»æ,240,416,86,3.2,113,54
2015-12-21,245,÷ÿ∂»Œ€»æ,195,332,65,2.5,85,77
2015-12-22,193,÷–∂»Œ€»æ,145,233,42,2.1,60,56
2015-12-23,500,—œ÷ÿŒ€»æ,488,714,38,8,135,32
2015-12-24,500,—œ÷ÿŒ€»æ,314,682,38,7.6,115,28
2015-12-25,151,÷–∂»Œ€»æ,91,252,30,3.9,76,65
2015-12-26,130,«·∂»Œ€»æ,85,210,68,2.3,70,56
2015-12-27,72,¡º,41,94,26,1.6,34,55
2015-12-28,139,«·∂»Œ€»æ,106,219,48,2.4,60,50
2015-12-29,169,÷–∂»Œ€»æ,128,236,32,2.2,57,56
2015-12-30,282,÷ÿ∂»Œ€»æ,232,390,66,3.6,86,49
2015-12-31,119,«·∂»Œ€»æ,90,186,60,2.1,51,64
2016-01-01,134,«·∂»Œ€»æ,102,200,39,2,41,59
2016-01-02,209,÷ÿ∂»Œ€»æ,159,299,70,2.9,80,52
2016-01-03,500,—œ÷ÿŒ€»æ,505,714,65,5.6,132,44
2016-01-04,143,«·∂»Œ€»æ,109,227,30,2.7,52,44
2016-01-05,115,«·∂»Œ€»æ,87,156,50,2.9,69,28
2016-01-06,130,«·∂»Œ€»æ,99,180,60,3,73,35
2016-01-07,195,÷–∂»Œ€»æ,146,251,58,3.1,80,32
2016-01-08,284,÷ÿ∂»Œ€»æ,234,393,76,3.1,76,58
2016-01-09,220,÷ÿ∂»Œ€»æ,170,293,30,2.7,48,44
2016-01-10,315,—œ÷ÿŒ€»æ,208,432,31,3,56,28
2016-01-11,73,¡º,48,95,25,1.9,38,47
2016-01-12,81,¡º,56,111,35,2.2,51,52
2016-01-13,163,÷–∂»Œ€»æ,124,221,71,2.5,74,47
2016-01-14,113,«·∂»Œ€»æ,83,176,82,2.2,74,61
2016-01-15,113,«·∂»Œ€»æ,77,176,97,2.3,77,57
2016-01-16,282,÷ÿ∂»Œ€»æ,232,355,80,3.5,100,35
2016-01-17,133,«·∂»Œ€»æ,101,181,28,2,43,51
2016-01-18,134,«·∂»Œ€»æ,102,179,49,2.3,56,60
2016-01-19,148,«·∂»Œ€»æ,113,197,81,2.2,70,75
2016-01-20,159,÷–∂»Œ€»æ,121,218,94,2.3,76,44
2016-01-21,204,÷ÿ∂»Œ€»æ,154,238,62,2.6,69,67
2016-01-22,105,«·∂»Œ€»æ,79,150,34,2.4,46,52
2016-01-23,83,¡º,38,116,33,1.7,29,66
2016-01-24,71,¡º,26,92,41,1.7,34,62
2016-01-25,80,¡º,34,98,59,2,64,60
2016-01-26,76,¡º,44,102,62,2.2,56,69
2016-01-27,112,«·∂»Œ€»æ,84,162,94,2.3,66,73
2016-01-28,241,÷ÿ∂»Œ€»æ,191,302,102,3.6,93,48
2016-01-29,128,«·∂»Œ€»æ,97,177,42,2.5,49,45
2016-01-30,71,¡º,42,92,35,1.8,33,51
2016-01-31,89,¡º,66,122,40,2.3,41,56
2016-02-01,192,÷–∂»Œ€»æ,144,252,82,3.3,72,59
2016-02-02,163,÷–∂»Œ€»æ,124,224,79,2.8,70,58
2016-02-03,127,«·∂»Œ€»æ,96,166,41,2.3,55,88
2016-02-04,166,÷–∂»Œ€»æ,126,213,60,2.8,70,93
2016-02-05,133,«·∂»Œ€»æ,101,184,64,3,48,74
2016-02-06,81,¡º,48,111,49,2.3,42,72
2016-02-07,107,«·∂»Œ€»æ,66,163,72,2.5,46,81
2016-02-08,113,«·∂»Œ€»æ,85,163,70,2.2,33,86
2016-02-09,172,÷–∂»Œ€»æ,130,233,58,2.6,47,90
2016-02-10,165,÷–∂»Œ€»æ,125,210,60,2.7,40,72
2016-02-11,256,÷ÿ∂»Œ€»æ,206,324,76,4.3,51,66
2016-02-12,183,÷–∂»Œ€»æ,138,226,28,4.1,40,36
2016-02-13,76,¡º,54,102,19,2.7,25,56
2016-02-14,49,”≈,20,48,23,1.9,22,69
2016-02-15,57,¡º,26,64,44,2.2,33,74
2016-02-16,60,¡º,22,69,46,2.2,42,75
2016-02-17,93,¡º,66,135,52,2.3,53,67
2016-02-18,88,¡º,65,112,36,1.8,52,79
2016-02-19,146,«·∂»Œ€»æ,54,241,42,1.7,40,73
2016-02-20,80,¡º,36,109,32,1.6,34,71
2016-02-21,105,«·∂»Œ€»æ,58,159,38,1.7,40,66
2016-02-22,192,÷–∂»Œ€»æ,144,321,61,1.9,49,68
2016-02-23,133,«·∂»Œ€»æ,101,175,36,1.8,34,80
2016-02-24,106,«·∂»Œ€»æ,76,161,66,1.9,39,61
2016-02-25,175,÷–∂»Œ€»æ,132,238,59,2.3,56,72
2016-02-26,138,«·∂»Œ€»æ,105,225,66,2.4,54,75
2016-02-27,138,«·∂»Œ€»æ,98,226,71,2.4,57,78
2016-02-28,82,¡º,54,114,40,2.1,40,72
2016-02-29,66,¡º,25,82,41,1.5,34,67
2016-03-01,114,«·∂»Œ€»æ,80,178,50,1.2,55,83
2016-03-02,136,«·∂»Œ€»æ,101,222,64,1.4,68,80
2016-03-03,123,«·∂»Œ€»æ,74,196,40,1.2,53,94
2016-03-04,156,÷–∂»Œ€»æ,119,246,53,1.6,45,105
2016-03-05,196,÷–∂»Œ€»æ,97,342,37,1.5,39,73
2016-03-06,198,÷–∂»Œ€»æ,104,345,59,1.6,51,64
2016-03-07,194,÷–∂»Œ€»æ,118,338,57,2.2,66,52
2016-03-08,100,¡º,29,150,27,1.3,28,65
2016-03-09,63,¡º,25,76,36,1.3,35,53
2016-03-10,82,¡º,41,113,55,1.5,47,67
2016-03-11,92,¡º,52,134,73,1.9,51,59
2016-03-12,99,¡º,63,148,44,1.4,40,71
2016-03-13,120,«·∂»Œ€»æ,71,189,38,1.7,55,74
2016-03-14,105,«·∂»Œ€»æ,54,160,78,1.6,60,82
2016-03-15,153,÷–∂»Œ€»æ,117,230,48,1.7,44,89
2016-03-16,165,÷–∂»Œ€»æ,125,254,62,1.7,54,102
2016-03-17,127,«·∂»Œ€»æ,91,203,42,1.3,49,100
2016-03-18,192,÷–∂»Œ€»æ,144,285,52,1.7,63,115
2016-03-19,220,÷ÿ∂»Œ€»æ,170,346,57,2,72,132
2016-03-20,103,«·∂»Œ€»æ,54,155,40,1.3,43,76
2016-03-21,121,«·∂»Œ€»æ,76,191,61,1.6,68,114
2016-03-22,125,«·∂»Œ€»æ,79,199,50,1.3,49,125
2016-03-23,76,¡º,30,102,26,1,32,79
2016-03-24,80,¡º,35,109,52,1.2,50,78
2016-03-25,98,¡º,73,142,45,1.3,52,66
2016-03-26,112,«·∂»Œ€»æ,70,174,60,1.8,59,78
2016-03-27,86,¡º,54,122,45,1.4,60,79
2016-03-28,89,¡º,37,128,29,1.2,41,95
2016-03-29,99,¡º,31,148,35,1.2,38,78
2016-03-30,118,«·∂»Œ€»æ,60,186,44,1.4,44,106
2016-03-31,95,¡º,39,140,21,1.2,34,116
2016-04-01,99,¡º,64,148,38,1.4,44,126
2016-04-02,170,÷–∂»Œ€»æ,60,290,40,1.3,36,82
2016-04-03,61,¡º,28,72,22,1.1,26,98
2016-04-04,88,¡º,60,126,29,1.3,48,87
2016-04-05,99,¡º,74,126,31,1.3,45,106
2016-04-06,120,«·∂»Œ€»æ,91,161,33,1.6,45,71
2016-04-07,166,÷–∂»Œ€»æ,107,282,22,1.6,42,121
2016-04-08,240,÷ÿ∂»Œ€»æ,173,378,24,1.8,45,112
2016-04-09,192,÷–∂»Œ€»æ,134,334,47,1.7,55,167
2016-04-10,152,÷–∂»Œ€»æ,51,254,32,1,41,128
2016-04-11,116,«·∂»Œ€»æ,45,181,33,0.9,45,99
2016-04-12,145,«·∂»Œ€»æ,101,240,18,1.3,46,106
2016-04-13,130,«·∂»Œ€»æ,61,210,22,1.3,52,125
2016-04-14,139,«·∂»Œ€»æ,72,227,46,1.3,60,165
2016-04-15,136,«·∂»Œ€»æ,65,222,35,1.2,39,152
2016-04-16,82,¡º,28,113,11,0.8,31,110
2016-04-17,112,«·∂»Œ€»æ,44,173,26,1,56,92
2016-04-18,86,¡º,28,122,27,0.7,37,112
2016-04-19,92,¡º,38,134,32,0.6,39,124
2016-04-20,128,«·∂»Œ€»æ,88,206,35,1.2,49,107
2016-04-21,142,«·∂»Œ€»æ,94,233,34,1.4,50,164
2016-04-22,120,«·∂»Œ€»æ,41,190,25,0.7,33,127
2016-04-23,111,«·∂»Œ€»æ,52,171,30,0.9,49,87
2016-04-24,78,¡º,39,105,14,0.7,32,128
2016-04-25,90,¡º,41,130,20,0.7,35,133
2016-04-26,104,«·∂»Œ€»æ,44,158,36,0.8,40,116
2016-04-27,92,¡º,45,112,27,0.8,36,150
2016-04-28,102,«·∂»Œ€»æ,76,144,28,1.2,46,93
2016-04-29,92,¡º,50,133,16,0.8,30,142
2016-04-30,103,«·∂»Œ€»æ,49,116,13,0.9,27,163
2016-05-01,90,¡º,34,109,13,0.7,24,148
2016-05-02,94,¡º,36,138,11,0.6,22,116
2016-05-03,84,¡º,23,103,26,0.7,33,140
2016-05-04,92,¡º,32,105,18,0.7,30,150
2016-05-05,113,«·∂»Œ€»æ,60,115,12,1,28,174
2016-05-06,142,«·∂»Œ€»æ,56,234,16,0.8,29,138
2016-05-07,93,¡º,50,136,38,1.2,51,94
2016-05-08,61,¡º,27,56,16,0.8,30,113
2016-05-09,51,¡º,28,51,7,0.7,22,97
2016-05-10,106,«·∂»Œ€»æ,55,111,20,1,36,166
2016-05-11,97,¡º,44,144,8,0.8,24,144
2016-05-12,84,¡º,31,118,11,0.7,23,116
2016-05-13,82,¡º,25,98,18,0.6,35,138
2016-05-14,66,¡º,34,81,13,1.3,38,107
2016-05-15,66,¡º,24,81,15,1.1,38,114
2016-05-16,84,¡º,23,97,24,0.6,34,140
2016-05-17,90,¡º,28,101,19,0.6,28,148
2016-05-18,118,«·∂»Œ€»æ,42,99,26,0.9,30,179
2016-05-19,138,«·∂»Œ€»æ,39,104,36,1,36,201
2016-05-20,78,¡º,40,94,32,0.9,35,133
2016-05-21,100,¡º,31,89,28,0.8,34,159
2016-05-22,85,¡º,25,71,22,0.7,33,142
2016-05-23,70,¡º,36,90,24,0.9,44,108
2016-05-24,70,¡º,28,80,24,0.8,37,124
2016-05-25,72,¡º,25,94,21,0.6,28,111
2016-05-26,82,¡º,37,114,48,1.2,58,68
2016-05-27,60,¡º,28,70,26,1,35,64
2016-05-28,55,¡º,31,59,14,0.8,22,92
2016-05-29,85,¡º,41,92,16,1,29,142
2016-05-30,86,¡º,40,106,16,1,30,143
2016-05-31,66,¡º,44,82,9,1,28,113
2016-06-01,92,¡º,20,79,18,0.7,25,150
2016-06-02,115,«·∂»Œ€»æ,48,123,41,1.1,41,176
2016-06-03,78,¡º,48,106,16,1.1,33,130
2016-06-04,87,¡º,47,111,16,0.9,32,144
2016-06-05,59,¡º,35,68,10,0.9,26,110
2016-06-06,66,¡º,34,82,13,1,34,114
2016-06-07,80,¡º,48,109,12,1,41,123
2016-06-08,100,¡º,59,138,16,1.2,38,160
2016-06-09,103,«·∂»Œ€»æ,45,122,8,0.9,34,163
2016-06-10,87,¡º,35,110,8,0.8,28,144
2016-06-11,90,¡º,28,120,13,0.7,30,148
2016-06-12,106,«·∂»Œ€»æ,41,120,29,1.1,43,166
2016-06-13,97,¡º,44,102,11,0.9,26,156
2016-06-14,79,¡º,25,54,6,0.7,23,134
2016-06-15,84,¡º,23,57,12,0.8,25,140
2016-06-16,106,«·∂»Œ€»æ,30,90,27,0.8,40,166
2016-06-17,97,¡º,19,84,16,0.6,31,156
2016-06-18,111,«·∂»Œ€»æ,30,87,20,0.7,35,172
2016-06-19,122,«·∂»Œ€»æ,41,112,13,0.9,36,184
2016-06-20,113,«·∂»Œ€»æ,27,70,11,0.9,26,174
2016-06-21,96,¡º,37,76,5,0.9,28,155
2016-06-22,162,÷–∂»Œ€»æ,41,103,8,1,40,227
2016-06-23,84,¡º,21,48,6,0.8,24,140
2016-06-24,104,«·∂»Œ€»æ,20,70,23,1.3,47,164
2016-06-25,100,¡º,18,68,22,0.8,47,160
2016-06-26,173,÷–∂»Œ€»æ,26,80,26,0.7,38,238
2016-06-27,127,«·∂»Œ€»æ,18,66,10,0.6,23,189
2016-06-28,95,¡º,24,67,10,0.6,25,154
2016-06-29,138,«·∂»Œ€»æ,22,69,15,0.7,33,201
2016-06-30,101,«·∂»Œ€»æ,27,68,7,0.8,26,161
2016-07-01,121,«·∂»Œ€»æ,28,62,10,0.8,25,183
2016-07-02,145,«·∂»Œ€»æ,39,89,14,0.9,32,209
2016-07-03,140,«·∂»Œ€»æ,37,77,9,0.8,26,204
2016-07-04,110,«·∂»Œ€»æ,43,89,16,0.9,29,170
2016-07-05,150,«·∂»Œ€»æ,34,92,18,1,33,215
2016-07-06,169,÷–∂»Œ€»æ,50,117,21,1,34,234
2016-07-07,102,«·∂»Œ€»æ,48,91,9,1,25,162
2016-07-08,99,¡º,37,81,9,0.9,24,158
2016-07-09,59,¡º,36,65,7,0.9,24,110
2016-07-10,81,¡º,33,73,9,0.8,30,137
2016-07-11,87,¡º,45,84,11,0.8,27,144
2016-07-12,68,¡º,38,85,8,0.8,23,112
2016-07-13,84,¡º,31,51,6,0.8,19,140
2016-07-14,58,¡º,40,65,5,0.9,26,89
2016-07-15,52,¡º,36,44,5,0.6,20,93
2016-07-16,75,¡º,34,79,7,0.8,28,129
2016-07-17,82,¡º,40,92,8,0.8,22,138
2016-07-18,87,¡º,48,124,8,1.2,32,100
2016-07-19,71,¡º,40,91,4,1,22,92
2016-07-20,38,”≈,9,35,6,1,22,76
2016-07-21,51,¡º,14,46,4,0.8,22,101
2016-07-22,66,¡º,32,82,4,0.9,23,114
2016-07-23,62,¡º,25,74,3,0.8,22,105
2016-07-24,62,¡º,24,74,3,0.7,25,107
2016-07-25,80,¡º,24,62,5,0.7,21,135
2016-07-26,112,«·∂»Œ€»æ,26,58,10,0.9,23,173
2016-07-27,80,¡º,34,85,12,1,31,135
2016-07-28,120,«·∂»Œ€»æ,26,72,8,0.8,26,182
2016-07-29,110,«·∂»Œ€»æ,24,72,7,0.7,27,170
2016-07-30,114,«·∂»Œ€»æ,32,75,9,0.8,29,175
2016-07-31,117,«·∂»Œ€»æ,28,62,7,0.8,19,178
2016-08-01,47,”≈,21,47,7,0.8,23,85
2016-08-02,89,¡º,27,58,8,1,22,146
2016-08-03,91,¡º,37,76,7,0.8,19,149
2016-08-04,92,¡º,32,68,10,1,26,150
2016-08-05,75,¡º,21,44,7,0.9,24,130
2016-08-06,44,”≈,22,44,7,0.9,23,80
2016-08-07,63,¡º,30,62,10,1,23,115
2016-08-08,47,”≈,16,29,6,1.1,16,93
2016-08-09,64,¡º,31,66,6,1.2,19,116
2016-08-10,70,¡º,30,75,13,0.9,25,124
2016-08-11,71,¡º,30,68,8,0.8,21,125
2016-08-12,84,¡º,28,71,7,0.8,21,140
2016-08-13,92,¡º,42,82,8,0.8,20,150
2016-08-14,80,¡º,38,78,10,0.9,19,136
2016-08-15,60,¡º,17,46,13,0.8,19,112
2016-08-16,51,¡º,26,52,10,1,18,66
2016-08-17,82,¡º,38,87,14,1.4,24,138
2016-08-18,104,«·∂»Œ€»æ,31,83,12,1.1,20,164
2016-08-19,60,¡º,34,70,8,1.4,17,111
2016-08-20,85,¡º,17,43,8,1,14,142
2016-08-21,135,«·∂»Œ€»æ,26,61,14,1.2,20,198
2016-08-22,137,«·∂»Œ€»æ,42,86,20,1.2,21,200
2016-08-23,67,¡º,32,78,18,1,24,120
2016-08-24,94,¡º,31,73,12,0.9,17,152
2016-08-25,51,¡º,17,51,10,0.7,15,90
2016-08-26,86,¡º,10,36,13,0.7,20,143
2016-08-27,115,«·∂»Œ€»æ,23,68,27,0.9,40,176
2016-08-28,73,¡º,32,82,24,1.1,36,127
2016-08-29,108,«·∂»Œ€»æ,26,74,31,1.1,44,168
2016-08-30,128,«·∂»Œ€»æ,36,104,42,1.2,47,190
2016-08-31,161,÷–∂»Œ€»æ,39,106,32,1.3,42,226
2016-09-01,92,¡º,29,87,40,1.4,43,150
2016-09-02,115,«·∂»Œ€»æ,29,91,51,1.3,44,176
2016-09-03,157,÷–∂»Œ€»æ,68,149,46,1.6,44,222
2016-09-04,168,÷–∂»Œ€»æ,64,143,31,1.5,39,233
2016-09-05,164,÷–∂»Œ€»æ,72,150,28,1.6,36,229
2016-09-06,120,«·∂»Œ€»æ,51,114,43,1.2,32,182
2016-09-07,126,«·∂»Œ€»æ,36,76,23,1.3,26,188
2016-09-08,122,«·∂»Œ€»æ,39,99,45,1.4,43,184
2016-09-09,140,«·∂»Œ€»æ,44,106,47,1.2,41,203
2016-09-10,102,«·∂»Œ€»æ,26,68,34,1,40,162
2016-09-11,143,«·∂»Œ€»æ,30,71,28,1,25,207
2016-09-12,117,«·∂»Œ€»æ,33,76,18,1,24,178
2016-09-13,76,¡º,50,71,18,1,30,131
2016-09-14,136,«·∂»Œ€»æ,88,136,32,1.4,50,199
2016-09-15,131,«·∂»Œ€»æ,90,134,24,1.4,33,194
2016-09-16,142,«·∂»Œ€»æ,84,125,31,1.4,35,206
2016-09-17,150,«·∂»Œ€»æ,99,150,36,1.4,37,214
2016-09-18,62,¡º,42,74,19,1.1,28,45
2016-09-19,71,¡º,25,62,18,0.9,30,125
2016-09-20,88,¡º,40,78,34,0.8,47,145
2016-09-21,124,«·∂»Œ€»æ,60,117,44,1,44,186
2016-09-22,127,«·∂»Œ€»æ,60,130,25,0.9,34,189
2016-09-23,133,«·∂»Œ€»æ,57,129,21,0.9,32,196
2016-09-24,114,«·∂»Œ€»æ,81,148,24,1.1,37,175
2016-09-25,134,«·∂»Œ€»æ,102,150,24,1.3,40,122
2016-09-26,98,¡º,73,109,23,1.4,39,82
2016-09-27,69,¡º,46,87,14,1.1,26,91
2016-09-28,60,¡º,18,70,15,1,27,93
2016-09-29,65,¡º,42,80,19,1.2,52,116
2016-09-30,92,¡º,68,120,28,1.4,65,142
2016-10-01,94,¡º,70,114,15,1.4,50,95
2016-10-02,55,¡º,30,50,10,1.2,33,105
2016-10-03,82,¡º,36,70,14,1.1,35,138
2016-10-04,69,¡º,33,70,18,1.1,36,122
2016-10-05,73,¡º,48,96,15,1.1,33,126
2016-10-06,77,¡º,44,103,42,0.9,60,50
2016-10-07,58,¡º,36,64,18,1,46,40
2016-10-08,73,¡º,39,80,19,1.4,58,74
2016-10-09,83,¡º,39,91,33,1,66,37
2016-10-10,69,¡º,38,87,20,1,47,97
2016-10-11,55,¡º,28,60,23,0.8,38,96
2016-10-12,107,«·∂»Œ€»æ,80,154,46,1.4,74,37
2016-10-13,70,¡º,37,89,33,0.8,45,99
2016-10-14,66,¡º,44,82,30,0.9,45,111
2016-10-15,61,¡º,41,72,18,0.9,37,72
2016-10-16,67,¡º,48,67,18,1.2,30,87
2016-10-17,127,«·∂»Œ€»æ,96,158,35,1.6,57,119
2016-10-18,124,«·∂»Œ€»æ,94,152,24,1.6,49,138
2016-10-19,98,¡º,73,111,30,1.2,43,124
2016-10-20,88,¡º,65,114,30,1.2,49,64
2016-10-21,59,¡º,42,64,8,1.2,37,18
2016-10-22,39,”≈,26,39,9,1.2,31,40
2016-10-23,39,”≈,21,29,9,1,31,48
2016-10-24,54,¡º,31,56,22,1.2,43,47
2016-10-25,72,¡º,52,79,15,1.8,49,34
2016-10-26,83,¡º,61,84,15,1.5,40,50
2016-10-27,57,¡º,30,55,12,1.2,45,16
2016-10-28,60,¡º,25,48,11,1.4,48,47
2016-10-29,58,¡º,36,66,23,1.1,43,55
2016-10-30,59,¡º,31,67,11,1,35,83
2016-10-31,56,¡º,22,61,11,0.9,35,65
2016-11-01,75,¡º,55,99,21,1.3,49,43
2016-11-02,107,«·∂»Œ€»æ,80,121,14,1.2,41,38
2016-11-03,82,¡º,60,101,10,1.2,32,61
2016-11-04,72,¡º,52,91,12,1.1,31,77
2016-11-05,122,«·∂»Œ€»æ,92,145,16,1.6,53,56
2016-11-06,125,«·∂»Œ€»æ,95,132,10,1,31,64
2016-11-07,120,«·∂»Œ€»æ,91,112,9,1.2,35,57
2016-11-08,82,¡º,60,96,19,1.3,55,67
2016-11-09,104,«·∂»Œ€»æ,78,117,23,1.3,45,74
2016-11-10,88,¡º,52,125,14,1,37,50
2016-11-11,74,¡º,43,98,10,0.9,30,60
2016-11-12,207,÷ÿ∂»Œ€»æ,157,241,24,2.7,88,36
2016-11-13,224,÷ÿ∂»Œ€»æ,174,247,25,2.3,68,86
2016-11-14,193,÷–∂»Œ€»æ,145,221,13,2,50,54
2016-11-15,101,«·∂»Œ€»æ,68,151,33,1.5,64,46
2016-11-16,88,¡º,63,125,20,1,47,57
2016-11-17,237,÷ÿ∂»Œ€»æ,187,266,35,2.3,88,30
2016-11-18,244,÷ÿ∂»Œ€»æ,194,237,15,2.3,76,16
2016-11-19,228,÷ÿ∂»Œ€»æ,178,236,15,2.5,65,11
2016-11-20,188,÷–∂»Œ€»æ,141,190,21,2.8,62,6
2016-11-21,37,”≈,24,33,6,1.4,29,42
2016-11-22,41,”≈,15,41,12,1,18,57
2016-11-23,58,¡º,41,65,30,1.3,34,59
2016-11-24,122,«·∂»Œ€»æ,92,125,29,1.5,34,62
2016-11-25,95,¡º,71,102,27,1.3,33,70
2016-11-26,114,«·∂»Œ€»æ,86,169,34,1.5,50,50
2016-11-27,135,«·∂»Œ€»æ,93,220,46,1.8,62,49
2016-11-28,98,¡º,73,142,52,1.6,60,54
2016-11-29,148,«·∂»Œ€»æ,113,196,54,1.7,62,48
2016-11-30,158,÷–∂»Œ€»æ,120,218,40,1.9,66,45
2016-12-01,240,÷ÿ∂»Œ€»æ,190,299,55,2.6,83,44
2016-12-02,209,÷ÿ∂»Œ€»æ,159,259,69,2.1,62,101
2016-12-03,140,«·∂»Œ€»æ,107,179,24,1.5,34,90
2016-12-04,175,÷–∂»Œ€»æ,132,206,31,2.2,59,62
2016-12-05,203,÷ÿ∂»Œ€»æ,153,230,14,2.9,53,42
2016-12-06,113,«·∂»Œ€»æ,85,160,20,1.5,33,78
2016-12-07,183,÷–∂»Œ€»æ,138,225,38,2.1,68,51
2016-12-08,137,«·∂»Œ€»æ,104,170,44,1.7,58,47
2016-12-09,82,¡º,60,114,34,1.6,52,33
2016-12-10,123,«·∂»Œ€»æ,93,153,42,1.9,60,48
2016-12-11,135,«·∂»Œ€»æ,103,154,46,1.8,61,30
2016-12-12,210,÷ÿ∂»Œ€»æ,160,216,30,2.4,58,13
2016-12-13,110,«·∂»Œ€»æ,83,101,18,1.5,36,51
2016-12-14,84,¡º,62,97,24,1.5,45,53
2016-12-15,202,÷ÿ∂»Œ€»æ,152,207,35,2.4,65,26
2016-12-16,220,÷ÿ∂»Œ€»æ,170,222,43,2.1,51,77
2016-12-17,139,«·∂»Œ€»æ,106,152,23,1.7,42,65
2016-12-18,386,—œ÷ÿŒ€»æ,336,405,49,3.6,86,22
2016-12-19,426,—œ÷ÿŒ€»æ,389,462,40,4.3,76,24
2016-12-20,368,—œ÷ÿŒ€»æ,318,407,24,4.5,58,18
2016-12-21,281,÷ÿ∂»Œ€»æ,231,272,21,3.8,54,32
2016-12-22,198,÷–∂»Œ€»æ,148,222,23,3,60,37
2016-12-23,200,÷–∂»Œ€»æ,150,212,28,2.7,64,42
2016-12-24,124,«·∂»Œ€»æ,94,142,47,1.8,62,30
2016-12-25,107,«·∂»Œ€»æ,80,105,28,1.6,46,18
2016-12-26,147,«·∂»Œ€»æ,112,105,18,2.3,57,9
2016-12-27,178,÷–∂»Œ€»æ,134,168,27,2.5,58,30
2016-12-28,207,÷ÿ∂»Œ€»æ,157,181,26,2.2,40,50
2016-12-29,211,÷ÿ∂»Œ€»æ,161,207,42,2.4,44,55
2016-12-30,204,÷ÿ∂»Œ€»æ,154,194,26,1.8,40,60
2016-12-31,268,÷ÿ∂»Œ€»æ,218,270,32,2.4,53,49
2017-01-01,250,÷ÿ∂»Œ€»æ,200,240,38,2.4,58,41
2017-01-02,214,÷ÿ∂»Œ€»æ,164,217,32,4.5,70,14
2017-01-03,222,÷ÿ∂»Œ€»æ,172,207,24,3.8,57,41
2017-01-04,129,«·∂»Œ€»æ,98,166,14,3.6,49,22
2017-01-05,138,«·∂»Œ€»æ,105,146,17,5.2,63,7
2017-01-06,260,÷ÿ∂»Œ€»æ,210,314,21,4.8,72,9
2017-01-07,281,÷ÿ∂»Œ€»æ,231,259,27,4,67,22
2017-01-08,297,÷ÿ∂»Œ€»æ,247,288,40,3.2,80,39
2017-01-09,160,÷–∂»Œ€»æ,122,183,28,3,57,38
2017-01-10,196,÷–∂»Œ€»æ,147,208,22,2.8,54,38
2017-01-11,228,÷ÿ∂»Œ€»æ,178,242,41,2.9,63,35
2017-01-12,215,÷ÿ∂»Œ€»æ,165,260,50,3.7,79,22
2017-01-13,112,«·∂»Œ€»æ,84,132,44,2.2,60,50
2017-01-14,71,¡º,51,92,37,1.6,53,59
2017-01-15,93,¡º,69,123,48,1.8,56,44
2017-01-16,210,÷ÿ∂»Œ€»æ,160,202,33,2,57,37
2017-01-17,0,Œﬁ,0,0,54,0,86,0
2017-01-18,0,Œﬁ,0,0,48,0,83,0
2017-01-19,0,Œﬁ,0,0,34,0,54,0
2017-01-20,75,¡º,41,100,28,1.2,36,64
2017-01-21,95,¡º,71,132,44,1.5,44,58
2017-01-22,124,«·∂»Œ€»æ,94,150,50,1.9,65,62
2017-01-23,155,÷–∂»Œ€»æ,118,186,43,2,62,50
2017-01-24,299,÷ÿ∂»Œ€»æ,249,295,54,3.4,70,35
2017-01-25,250,÷ÿ∂»Œ€»æ,200,265,40,2.8,60,73
2017-01-26,0,Œﬁ,0,0,36,0,38,0
2017-01-27,0,Œﬁ,0,0,36,0,34,0
2017-01-28,0,Œﬁ,0,0,20,0,24,0
2017-01-29,0,Œﬁ,0,0,26,0,26,0
2017-01-30,54,¡º,32,57,17,1.4,18,82
2017-01-31,78,¡º,57,88,16,1.6,21,82
2017-02-01,117,«·∂»Œ€»æ,88,120,22,2,30,83
2017-02-02,149,«·∂»Œ€»æ,114,150,32,2.2,37,109
2017-02-03,140,«·∂»Œ€»æ,107,133,12,1.8,24,81
2017-02-04,228,÷ÿ∂»Œ€»æ,178,226,22,2.1,34,42
2017-02-05,277,÷ÿ∂»Œ€»æ,227,298,23,2.9,59,58
2017-02-06,127,«·∂»Œ€»æ,96,144,38,2.2,56,52
2017-02-07,68,¡º,46,86,32,1.7,37,42
2017-02-08,108,«·∂»Œ€»æ,81,116,39,2.1,48,60
2017-02-09,102,«·∂»Œ€»æ,76,116,37,2.1,54,82
2017-02-10,109,«·∂»Œ€»æ,82,118,50,2.4,67,76
2017-02-11,152,÷–∂»Œ€»æ,116,174,56,2,56,66
2017-02-12,303,—œ÷ÿŒ€»æ,253,278,53,1.9,60,87
2017-02-13,231,÷ÿ∂»Œ€»æ,181,208,39,2,63,111
2017-02-14,258,÷ÿ∂»Œ€»æ,208,257,62,2.5,77,99
2017-02-15,147,«·∂»Œ€»æ,112,151,26,1.7,41,128
2017-02-16,0,Œﬁ,0,0,33,0,52,0
2017-02-17,62,¡º,33,73,23,1.5,32,66
2017-02-18,0,Œﬁ,0,0,38,0,44,0
2017-02-19,0,Œﬁ,0,0,26,0,34,0
2017-02-20,92,¡º,27,134,23,1.4,26,81
2017-02-21,60,¡º,42,70,29,1.8,39,53
2017-02-22,178,÷–∂»Œ€»æ,134,153,35,2.4,52,46
2017-02-23,137,«·∂»Œ€»æ,104,127,31,2.3,52,86
2017-02-24,94,¡º,70,110,44,1.9,58,82
2017-02-25,93,¡º,69,109,35,1.9,58,87
2017-02-26,112,«·∂»Œ€»æ,84,123,38,2,67,102
2017-02-27,132,«·∂»Œ€»æ,100,140,45,1.7,50,100
2017-02-28,107,«·∂»Œ€»æ,80,126,36,1.8,56,66
2017-03-01,98,¡º,30,146,21,1.5,40,82
2017-03-02,75,¡º,38,100,26,1.7,50,81
2017-03-03,82,¡º,60,110,40,1.8,50,72
2017-03-04,219,÷ÿ∂»Œ€»æ,169,216,36,2.3,81,60
2017-03-05,0,Œﬁ,0,0,24,0,51,0
2017-03-06,84,¡º,57,118,29,1.4,50,89
2017-03-07,59,¡º,29,68,15,1.1,34,83
2017-03-08,62,¡º,36,74,26,1.2,45,86
2017-03-09,72,¡º,48,93,36,1.3,55,76
2017-03-10,107,«·∂»Œ€»æ,80,124,46,1.4,61,100
2017-03-11,0,Œﬁ,0,0,51,0,54,0
2017-03-12,0,Œﬁ,0,0,23,0,40,0
2017-03-13,62,¡º,33,74,23,1.2,44,84
2017-03-14,77,¡º,56,101,27,1.4,56,105
2017-03-15,94,¡º,70,117,38,1.3,52,110
2017-03-16,79,¡º,58,78,16,1.2,28,108
2017-03-17,120,«·∂»Œ€»æ,91,118,30,1.4,40,128
2017-03-18,142,«·∂»Œ€»æ,108,131,21,1.4,46,145
2017-03-19,105,«·∂»Œ€»æ,79,108,28,1.4,41,92
2017-03-20,84,¡º,62,76,17,1.4,30,105
2017-03-21,150,«·∂»Œ€»æ,115,147,27,1.7,50,99
2017-03-22,120,«·∂»Œ€»æ,91,111,20,1.5,34,96
2017-03-23,83,¡º,61,76,17,1.2,32,73
2017-03-24,124,«·∂»Œ€»æ,94,104,16,1.6,36,73
2017-03-25,102,«·∂»Œ€»æ,76,110,19,1.8,46,79
2017-03-26,69,¡º,50,88,27,1.6,45,93
2017-03-27,79,¡º,58,99,39,1.6,44,87
2017-03-28,87,¡º,64,72,14,1.5,28,95
2017-03-29,135,«·∂»Œ€»æ,103,123,17,1.6,38,109
2017-03-30,123,«·∂»Œ€»æ,93,110,18,1.6,38,58
2017-03-31,103,«·∂»Œ€»æ,77,100,15,1.6,34,118
2017-04-01,122,«·∂»Œ€»æ,92,122,27,1.7,41,105
2017-04-02,104,«·∂»Œ€»æ,78,126,33,1.8,45,99
2017-04-03,77,¡º,56,97,23,1.4,32,132
2017-04-04,100,¡º,75,84,21,1.6,40,56
2017-04-05,137,«·∂»Œ€»æ,104,99,14,1.7,35,82
2017-04-06,99,¡º,74,102,12,1.6,37,130
2017-04-07,127,«·∂»Œ€»æ,96,150,18,1.7,49,138
2017-04-08,109,«·∂»Œ€»æ,82,131,16,1.6,38,57
2017-04-09,59,¡º,22,68,18,1.1,28,60
2017-04-10,60,¡º,43,70,27,1.5,40,69
2017-04-11,125,«·∂»Œ€»æ,95,130,16,1.9,39,104
2017-04-12,142,«·∂»Œ€»æ,108,174,16,2,38,152
2017-04-13,64,¡º,35,78,14,1.3,26,106
2017-04-14,72,¡º,42,93,14,1.4,35,68
2017-04-15,90,¡º,61,130,19,1.6,42,125
2017-04-16,64,¡º,40,78,13,1.7,40,78
2017-04-17,0,Œﬁ,0,0,17,1.3,36,111
2017-04-18,84,¡º,40,117,16,1.1,27,115
2017-04-19,81,¡º,43,112,17,1,29,80
2017-04-20,91,¡º,44,131,20,1.2,38,100
2017-04-21,79,¡º,38,107,14,1,34,107
2017-04-22,75,¡º,40,96,19,1,38,130
2017-04-23,84,¡º,32,95,17,1,26,140
2017-04-24,87,¡º,56,123,18,1.2,27,133
2017-04-25,90,¡º,44,129,19,1.4,36,72
2017-04-26,64,¡º,38,78,24,1.2,43,114
2017-04-27,74,¡º,52,97,31,1.5,48,128
2017-04-28,79,¡º,43,104,25,1.2,41,134
2017-04-29,87,¡º,46,122,35,1.2,48,144
2017-04-30,0,Œﬁ,0,0,28,1.4,35,184
2017-05-01,0,Œﬁ,0,0,26,1.2,37,146
2017-05-02,0,Œﬁ,0,0,23,1.4,38,167
2017-05-03,51,¡º,27,52,16,1,25,63
2017-05-04,0,Œﬁ,0,0,8,1,28,114
2017-05-05,0,Œﬁ,0,0,16,1,39,111
2017-05-06,0,Œﬁ,0,0,20,1,34,132
2017-05-07,0,Œﬁ,0,0,20,1.1,32,144
2017-05-08,82,¡º,48,113,13,1,28,108
2017-05-09,84,¡º,37,91,12,1.1,24,140
2017-05-10,93,¡º,42,135,24,1.4,36,151
2017-05-11,91,¡º,41,132,20,1.2,39,137
2017-05-12,100,¡º,39,122,16,1,26,160
2017-05-13,0,Œﬁ,0,0,14,1.1,27,156
2017-05-14,92,¡º,46,132,22,1.2,48,150
2017-05-15,82,¡º,39,114,14,1.1,34,108
2017-05-16,94,¡º,28,75,15,1.1,24,152
2017-05-17,106,«·∂»Œ€»æ,34,84,16,1.1,24,166
2017-05-18,119,«·∂»Œ€»æ,40,91,13,1.1,22,180
2017-05-19,111,«·∂»Œ€»æ,40,88,13,1.1,24,172
2017-05-20,103,«·∂»Œ€»æ,33,79,13,1,32,163
2017-05-21,132,«·∂»Œ€»æ,58,105,16,1.2,27,195
2017-05-22,134,«·∂»Œ€»æ,52,137,11,1.3,21,197
2017-05-23,79,¡º,13,39,6,1,21,134
2017-05-24,100,¡º,30,69,18,1.3,48,160
2017-05-25,126,«·∂»Œ€»æ,29,92,22,1.1,34,188
2017-05-26,127,«·∂»Œ€»æ,34,98,23,1.1,36,189
2017-05-27,172,÷–∂»Œ€»æ,36,94,19,1,26,237
2017-05-28,135,«·∂»Œ€»æ,35,102,14,0.9,22,198
2017-05-29,118,«·∂»Œ€»æ,41,99,17,1.1,25,179
2017-05-30,137,«·∂»Œ€»æ,42,114,16,1.1,21,200
2017-05-31,137,«·∂»Œ€»æ,37,74,10,1.3,36,200
2017-06-01,153,÷–∂»Œ€»æ,53,116,23,1.5,44,218
2017-06-02,0,Œﬁ,0,0,16,1.2,28,240
2017-06-03,69,¡º,19,67,17,1,25,122
2017-06-04,109,«·∂»Œ€»æ,31,102,24,1.1,39,169
2017-06-05,48,”≈,25,46,10,1,22,96
2017-06-06,60,¡º,17,29,8,1,16,112
2017-06-07,102,«·∂»Œ€»æ,32,77,12,1.3,31,162
2017-06-08,70,¡º,34,90,14,1.2,33,107
2017-06-09,99,¡º,29,74,11,1.2,26,158
2017-06-10,130,«·∂»Œ€»æ,38,107,13,1.3,36,192
2017-06-11,120,«·∂»Œ€»æ,56,124,16,1.4,38,182
2017-06-12,128,«·∂»Œ€»æ,60,128,12,1.4,22,190
2017-06-13,120,«·∂»Œ€»æ,40,63,8,1.2,16,181
2017-06-14,151,÷–∂»Œ€»æ,54,110,15,1.4,35,216
2017-06-15,137,«·∂»Œ€»æ,60,135,13,1.3,36,200
2017-06-16,133,«·∂»Œ€»æ,46,100,10,1.2,28,196
2017-06-17,128,«·∂»Œ€»æ,50,114,22,1.2,34,190
2017-06-18,108,«·∂»Œ€»æ,41,92,16,1.1,27,168
2017-06-19,115,«·∂»Œ€»æ,47,94,13,1.2,26,176
2017-06-20,171,÷–∂»Œ€»æ,56,120,15,1.2,26,236
2017-06-21,107,«·∂»Œ€»æ,36,70,9,1.1,19,167
2017-06-22,65,¡º,34,52,7,1.2,16,118
2017-06-23,56,¡º,39,62,7,1.4,17,87
2017-06-24,87,¡º,30,54,8,1.4,19,144
2017-06-25,116,«·∂»Œ€»æ,29,61,11,1.4,22,177
2017-06-26,144,«·∂»Œ€»æ,37,90,13,1.3,37,208
2017-06-27,143,«·∂»Œ€»æ,49,111,13,1.2,28,207
2017-06-28,140,«·∂»Œ€»æ,53,106,15,1.2,28,203
2017-06-29,130,«·∂»Œ€»æ,45,94,11,1.2,24,193
2017-06-30,128,«·∂»Œ€»æ,53,104,10,1.2,22,190
2017-07-01,134,«·∂»Œ€»æ,62,115,10,1.3,23,197
2017-07-02,148,«·∂»Œ€»æ,50,102,10,1.2,26,212
2017-07-03,140,«·∂»Œ€»æ,39,92,10,1.1,27,204
2017-07-04,122,«·∂»Œ€»æ,36,86,8,1.1,20,184
2017-07-05,120,«·∂»Œ€»æ,33,67,7,1.3,20,181
2017-07-06,41,”≈,21,34,6,1.2,18,82
2017-07-07,119,«·∂»Œ€»æ,37,73,6,1.2,17,180
2017-07-08,116,«·∂»Œ€»æ,21,56,6,1,14,177
2017-07-09,51,¡º,24,50,5,1,13,101
2017-07-10,119,«·∂»Œ€»æ,28,82,6,1,19,180
2017-07-11,117,«·∂»Œ€»æ,21,61,6,1,16,178
2017-07-12,77,¡º,23,59,6,1,15,132
2017-07-13,79,¡º,22,56,5,1,16,134
2017-07-14,60,¡º,22,60,5,1,16,112
2017-07-15,46,”≈,16,34,4,1,16,91
2017-07-16,47,”≈,26,45,5,1.2,15,94
2017-07-17,84,¡º,34,68,6,1.4,22,140
2017-07-18,46,”≈,20,36,4,1.1,16,92
2017-07-19,68,¡º,19,45,4,1,12,121
2017-07-20,65,¡º,24,49,3,1,12,118
2017-07-21,68,¡º,26,50,3,1,13,121
2017-07-22,57,¡º,37,64,3,1.3,15,102
2017-07-23,89,¡º,57,128,3,1.5,17,131
2017-07-24,109,«·∂»Œ€»æ,82,168,3,1.9,17,102
2017-07-25,102,«·∂»Œ€»æ,52,91,4,1.5,16,162
2017-07-26,72,¡º,52,94,4,1.3,20,96
2017-07-27,48,”≈,33,45,4,1.4,16,90
2017-07-28,54,¡º,33,51,6,1.5,16,104
2017-07-29,46,”≈,13,20,4,0.9,14,92
2017-07-30,60,¡º,21,36,5,1,16,112
2017-07-31,80,¡º,53,89,6,1.4,17,135
2017-08-01,59,¡º,41,67,5,1.2,14,94
2017-08-02,35,”≈,21,35,5,1,14,60
2017-08-03,86,¡º,29,57,5,1,15,143
2017-08-04,102,«·∂»Œ€»æ,38,76,5,1.2,29,162
2017-08-05,159,÷–∂»Œ€»æ,43,88,6,1.4,32,224
2017-08-06,103,«·∂»Œ€»æ,46,91,5,1.2,26,163
2017-08-07,110,«·∂»Œ€»æ,40,82,8,1.2,25,170
2017-08-08,112,«·∂»Œ€»æ,38,70,10,1.4,20,173
2017-08-09,148,«·∂»Œ€»æ,36,77,15,1.2,24,212
2017-08-10,146,«·∂»Œ€»æ,56,105,21,1.7,35,210
2017-08-11,104,«·∂»Œ€»æ,40,81,7,1.1,20,164
2017-08-12,77,¡º,30,54,5,1,15,132
2017-08-13,100,¡º,33,57,7,1.1,13,159
2017-08-14,66,¡º,28,50,6,1,14,119
2017-08-15,97,¡º,17,43,8,1,22,156
2017-08-16,97,¡º,35,76,7,1.1,25,156
2017-08-17,98,¡º,34,68,6,1.1,20,157
2017-08-18,70,¡º,35,66,6,1.2,23,124
2017-08-19,75,¡º,38,62,6,1.2,18,129
2017-08-20,67,¡º,29,48,7,1,17,120
2017-08-21,97,¡º,38,76,8,1.2,39,156
2017-08-22,91,¡º,40,75,7,1.1,22,149
2017-08-23,100,¡º,45,83,7,1.2,20,160
2017-08-24,105,«·∂»Œ€»æ,36,69,10,1.4,24,165
2017-08-25,70,¡º,36,90,27,1.7,56,58
2017-08-26,85,¡º,53,119,29,2,64,74
2017-08-27,65,¡º,37,80,18,1.2,34,103
2017-08-28,54,¡º,20,34,11,1.1,17,104
2017-08-29,39,”≈,18,36,14,1.3,31,71
2017-08-30,34,”≈,15,27,8,1,20,67
2017-08-31,45,”≈,22,45,9,1,27,90
2017-09-01,60,¡º,22,51,10,1,32,112
2017-09-02,66,¡º,28,61,15,1,32,119
2017-09-03,75,¡º,40,74,15,1.1,28,129
2017-09-04,60,¡º,28,50,12,1,23,112
2017-09-05,55,¡º,37,60,9,1.2,21,98
2017-09-06,67,¡º,38,65,13,1.4,19,120
2017-09-07,113,«·∂»Œ€»æ,38,85,18,1.2,22,174
2017-09-08,67,¡º,36,83,15,1.2,30,104
2017-09-09,88,¡º,33,70,16,1.1,28,145
2017-09-10,43,”≈,23,43,11,1.1,32,86
2017-09-11,113,«·∂»Œ€»æ,40,96,16,1.4,50,174
2017-09-12,85,¡º,33,85,16,1.1,35,142
2017-09-13,122,«·∂»Œ€»æ,42,92,21,1.2,32,184
2017-09-14,87,¡º,31,70,17,1,31,144
2017-09-15,123,«·∂»Œ€»æ,56,110,20,1.4,42,185
2017-09-16,94,¡º,70,129,18,1.4,54,119
2017-09-17,133,«·∂»Œ€»æ,64,139,27,1.7,53,196
2017-09-18,139,«·∂»Œ€»æ,71,143,25,1.4,37,202
2017-09-19,127,«·∂»Œ€»æ,54,123,28,1.4,47,189
2017-09-20,131,«·∂»Œ€»æ,41,100,24,1.2,47,194
2017-09-21,99,¡º,47,89,15,1,26,158
2017-09-22,102,«·∂»Œ€»æ,38,110,21,1.1,33,162
2017-09-23,0,Œﬁ,61,142,21,1.1,46,162
2017-09-24,77,¡º,50,104,21,1,34,128
2017-09-25,73,¡º,53,93,16,1.2,41,64
2017-09-26,74,¡º,49,98,16,1.4,40,98
2017-09-27,55,¡º,20,59,15,0.8,33,58
2017-09-28,67,¡º,29,83,18,1,47,101
2017-09-29,79,¡º,55,108,19,1.1,26,116
2017-09-30,54,¡º,31,54,13,1,24,104
2017-10-01,55,¡º,32,56,10,1.1,22,105
2017-10-02,63,¡º,38,76,12,1,26,86
2017-10-03,39,”≈,16,34,12,1.1,31,33
2017-10-04,44,”≈,23,44,17,1,34,54
2017-10-05,51,¡º,28,51,16,0.9,32,78
2017-10-06,55,¡º,29,60,18,0.9,31,91
2017-10-07,58,¡º,33,66,14,1,37,46
2017-10-08,42,”≈,29,42,8,1.2,30,26
2017-10-09,30,”≈,8,12,8,1.2,17,46
2017-10-10,25,”≈,4,8,8,0.9,18,50
2017-10-11,37,”≈,17,34,9,0.9,29,54
2017-10-12,55,¡º,32,59,16,1,38,70
2017-10-13,57,¡º,35,63,18,1.1,38,78
2017-10-14,88,¡º,65,118,24,1.4,59,72
2017-10-15,98,¡º,73,132,16,1.7,58,10
2017-10-16,119,«·∂»Œ€»æ,90,154,16,1.7,64,23
2017-10-17,109,«·∂»Œ€»æ,82,135,14,2.1,53,46
2017-10-18,54,¡º,35,58,11,1.4,32,81
2017-10-19,78,¡º,57,96,16,1.3,46,93
2017-10-20,74,¡º,54,96,17,1.3,42,126
2017-10-21,99,¡º,74,135,29,1.4,49,111
2017-10-22,85,¡º,59,120,11,1.3,34,97
2017-10-23,60,¡º,34,70,18,1.2,44,94
2017-10-24,79,¡º,58,100,23,1.4,51,101
2017-10-25,122,«·∂»Œ€»æ,92,143,20,1.4,50,80
2017-10-26,137,«·∂»Œ€»æ,104,160,24,1.5,59,109
2017-10-27,147,«·∂»Œ€»æ,112,184,32,1.6,66,116
2017-10-28,0,Œﬁ,0,0,22,1.5,43,102
2017-10-29,52,¡º,16,54,10,0.8,32,75
2017-10-30,76,¡º,46,101,19,1.1,51,75
2017-10-31,89,¡º,66,113,22,1.1,52,62
2017-11-01,0,Œﬁ,0,0,25,1.6,70,36
2017-11-02,0,Œﬁ,0,0,25,2,76,83
2017-11-03,0,Œﬁ,0,0,17,1.1,40,90
2017-11-04,73,¡º,45,96,29,1,50,90
2017-11-05,69,¡º,40,88,18,0.9,42,88
2017-11-06,0,Œﬁ,0,0,22,1.2,53,105
2017-11-07,0,Œﬁ,0,0,32,1.8,76,82
2017-11-08,0,Œﬁ,0,0,36,1.9,70,123
2017-11-09,0,Œﬁ,0,0,25,1.5,61,82
2017-11-10,87,¡º,58,124,13,1.1,35,74
2017-11-11,65,¡º,35,80,21,1,48,63
2017-11-12,89,¡º,66,110,29,1.2,44,59
2017-11-13,114,«·∂»Œ€»æ,86,144,29,1.6,66,68
2017-11-14,85,¡º,55,119,22,1.2,58,43
2017-11-15,79,¡º,53,108,23,1.2,55,56
2017-11-16,132,«·∂»Œ€»æ,100,162,32,1.7,74,26
2017-11-17,0,Œﬁ,0,0,22,1.3,55,53
2017-11-18,58,¡º,36,66,14,0.9,30,72
2017-11-19,94,¡º,70,101,17,1.1,44,36
2017-11-20,150,«·∂»Œ€»æ,115,132,14,1.4,52,36
2017-11-21,152,÷–∂»Œ€»æ,116,138,19,1.4,53,53
2017-11-22,86,¡º,58,121,19,1,50,66
2017-11-23,76,¡º,45,101,22,1,54,61
2017-11-24,75,¡º,38,99,16,1,40,61
2017-11-25,101,«·∂»Œ€»æ,68,151,26,1.2,62,55
2017-11-26,110,«·∂»Œ€»æ,83,141,23,1.5,56,58
2017-11-27,124,«·∂»Œ€»æ,94,140,19,1.4,51,65
2017-11-28,226,÷ÿ∂»Œ€»æ,176,241,26,2,74,61
2017-11-29,64,¡º,29,78,18,1,38,34
2017-11-30,90,¡º,67,109,27,1.6,51,46
2017-12-01,147,«·∂»Œ€»æ,112,157,22,1.7,54,64
2017-12-02,169,÷–∂»Œ€»æ,128,155,16,1.4,36,77
2017-12-03,314,—œ÷ÿŒ€»æ,264,282,20,2.6,71,39
2017-12-04,100,¡º,75,106,18,1.7,49,49
2017-12-05,77,¡º,56,96,20,1.3,50,52
2017-12-06,125,«·∂»Œ€»æ,95,138,29,2,67,49
2017-12-07,186,÷–∂»Œ€»æ,140,172,34,2.4,80,37
2017-12-08,75,¡º,47,99,24,1.3,45,48
2017-12-09,102,«·∂»Œ€»æ,74,121,32,1.5,59,44
2017-12-10,79,¡º,50,108,32,1.5,58,70
2017-12-11,104,«·∂»Œ€»æ,78,133,33,1.8,67,46
2017-12-12,64,¡º,44,78,24,1.2,50,44
2017-12-13,109,«·∂»Œ€»æ,82,121,39,1.9,62,24
2017-12-14,176,÷–∂»Œ€»æ,133,138,21,1.8,59,15
2017-12-15,225,÷ÿ∂»Œ€»æ,175,180,14,2.1,51,10
2017-12-16,140,«·∂»Œ€»æ,107,139,20,1.9,53,65
2017-12-17,77,¡º,56,90,20,1.5,50,55
2017-12-18,78,¡º,56,97,24,2,62,56
2017-12-19,119,«·∂»Œ€»æ,90,133,33,1.9,68,49
2017-12-20,65,¡º,40,79,30,1.4,52,66
2017-12-21,90,¡º,67,110,21,1.2,44,82
2017-12-22,179,÷–∂»Œ€»æ,135,169,24,1.6,74,44
2017-12-23,0,Œﬁ,0,0,48,2.8,88,38
2017-12-24,80,¡º,53,110,23,1.4,46,78
2017-12-25,0,Œﬁ,0,0,24,1.4,53,71
2017-12-26,189,÷–∂»Œ€»æ,142,198,40,2.4,80,32
2017-12-27,198,÷–∂»Œ€»æ,148,194,32,2.1,76,50
2017-12-28,282,÷ÿ∂»Œ€»æ,232,262,30,2.9,86,26
2017-12-29,306,—œ÷ÿŒ€»æ,256,287,26,3.2,92,22
2017-12-30,0,Œﬁ,0,0,24,2.8,75,53
2017-12-31,132,«·∂»Œ€»æ,100,174,20,1.7,56,72
2018-01-01,243,÷ÿ∂»Œ€»æ,193,268,29,2.1,78,42
2018-01-02,158,÷–∂»Œ€»æ,120,164,26,2,54,23
2018-01-03,57,¡º,40,61,16,1,33,50
2018-01-04,55,¡º,32,59,14,0.8,27,47
2018-01-05,94,¡º,70,86,15,1.2,32,62
2018-01-06,125,«·∂»Œ€»æ,95,101,15,1.1,34,64
2018-01-07,165,÷–∂»Œ€»æ,125,126,11,1.3,31,46
2018-01-08,83,¡º,61,89,21,1,26,70
2018-01-09,56,¡º,24,62,20,0.9,34,62
2018-01-10,60,¡º,32,70,18,0.9,40,64
2018-01-11,53,¡º,29,56,14,0.8,34,64
2018-01-12,69,¡º,50,80,16,1,34,51
2018-01-13,104,«·∂»Œ€»æ,78,99,16,1.1,31,77
2018-01-14,185,÷–∂»Œ€»æ,139,154,17,1.8,54,48
2018-01-15,316,—œ÷ÿŒ€»æ,266,285,30,3,88,22
2018-01-16,310,—œ÷ÿŒ€»æ,260,309,35,3.2,92,30
2018-01-17,378,—œ÷ÿŒ€»æ,328,369,17,2.8,75,38
2018-01-18,358,—œ÷ÿŒ€»æ,308,362,25,2.8,73,48
2018-01-19,265,÷ÿ∂»Œ€»æ,215,261,20,2,56,64
2018-01-20,271,÷ÿ∂»Œ€»æ,221,248,13,2.1,62,44
2018-01-21,198,÷–∂»Œ€»æ,148,192,17,2,50,20
2018-01-22,105,«·∂»Œ€»æ,79,106,14,1.3,35,30
2018-01-23,68,¡º,49,67,15,1.1,27,63
2018-01-24,79,¡º,58,80,17,1.2,36,65
2018-01-25,58,¡º,41,63,22,1,35,62
2018-01-26,77,¡º,56,73,17,1.3,40,74
2018-01-27,108,«·∂»Œ€»æ,81,100,20,1.4,42,46
2018-01-28,205,÷ÿ∂»Œ€»æ,155,152,12,1.6,39,46
2018-01-29,145,«·∂»Œ€»æ,111,136,18,1.6,42,71
2018-01-30,107,«·∂»Œ€»æ,80,126,23,1.6,57,38
2018-01-31,84,¡º,62,96,24,1.3,47,64
2018-02-01,81,¡º,53,112,28,1.2,50,48
2018-02-02,76,¡º,45,102,17,1,30,72
2018-02-03,63,¡º,37,76,22,1.2,48,66
2018-02-04,77,¡º,56,86,30,1.4,47,65
2018-02-05,72,¡º,52,90,26,1.4,43,65
2018-02-06,83,¡º,61,96,24,1.2,41,66
2018-02-07,108,«·∂»Œ€»æ,81,147,16,1.3,38,72
2018-02-08,86,¡º,44,121,18,1,35,81
2018-02-09,0,Œﬁ,0,0,22,1.2,36,73
2018-02-10,0,Œﬁ,0,0,17,1,28,71
2018-02-11,87,¡º,36,124,20,1.1,33,78
2018-02-12,61,¡º,25,72,19,1,26,80
2018-02-13,86,¡º,57,122,15,1.1,22,119
2018-02-14,94,¡º,68,138,17,1.2,23,81
2018-02-15,87,¡º,64,103,26,1.1,22,87
2018-02-16,200,÷–∂»Œ€»æ,150,187,30,1.3,22,118
2018-02-17,180,÷–∂»Œ€»æ,136,162,16,1.4,21,96
2018-02-18,97,¡º,72,94,16,1.2,20,101
2018-02-19,84,¡º,62,88,13,1.1,16,103
2018-02-20,155,÷–∂»Œ€»æ,118,146,14,1.4,18,56
2018-02-21,170,÷–∂»Œ€»æ,129,148,22,1.7,24,105
2018-02-22,85,¡º,63,102,12,1.1,23,94
2018-02-23,82,¡º,60,90,13,1.1,31,104
2018-02-24,98,¡º,39,145,14,0.9,18,68
2018-02-25,84,¡º,62,107,16,1.2,30,100
2018-02-26,168,÷–∂»Œ€»æ,127,163,14,1.3,28,124
2018-02-27,248,÷ÿ∂»Œ€»æ,198,223,15,1.7,44,53
2018-02-28,233,÷ÿ∂»Œ€»æ,183,193,11,1.6,27,82
2018-03-01,77,¡º,48,103,9,0.8,20,82
2018-03-02,85,¡º,63,86,9,0.9,16,103
2018-03-03,124,«·∂»Œ€»æ,94,96,9,1.1,18,56
2018-03-04,84,¡º,62,65,7,1.1,22,56
2018-03-05,53,¡º,25,56,11,0.8,22,72
2018-03-06,105,«·∂»Œ€»æ,79,116,20,1.3,48,61
2018-03-07,104,«·∂»Œ€»æ,78,88,12,1,25,86
2018-03-08,100,¡º,75,93,9,1.1,31,93
2018-03-09,115,«·∂»Œ€»æ,87,112,11,1,30,111
2018-03-10,188,÷–∂»Œ€»æ,141,164,10,1.2,31,65
2018-03-11,245,÷ÿ∂»Œ€»æ,195,228,14,1.6,48,115
2018-03-12,137,«·∂»Œ€»æ,104,140,14,1.1,31,138
2018-03-13,93,¡º,69,91,13,1,20,136
2018-03-14,84,¡º,62,80,12,1,18,115
2018-03-15,103,«·∂»Œ€»æ,53,156,8,0.9,20,75
2018-03-16,47,”≈,16,45,12,0.7,23,93
2018-03-17,67,¡º,48,67,13,1,39,69
2018-03-18,100,¡º,75,64,7,1,28,68
2018-03-19,133,«·∂»Œ€»æ,101,100,10,1.2,26,131
2018-03-20,51,¡º,23,52,12,0.8,22,86
2018-03-21,52,¡º,26,53,14,0.8,32,90
2018-03-22,129,«·∂»Œ€»æ,98,132,27,1.3,54,89
2018-03-23,139,«·∂»Œ€»æ,106,146,19,1.2,40,123
2018-03-24,85,¡º,63,81,12,1.2,40,137
2018-03-25,90,¡º,62,96,15,1.1,50,148
2018-03-26,107,«·∂»Œ€»æ,80,122,18,1.2,28,143
2018-03-27,82,¡º,60,112,17,1.1,26,126
2018-03-28,111,«·∂»Œ€»æ,54,172,19,1.2,35,117
2018-03-29,123,«·∂»Œ€»æ,45,196,13,0.9,24,103
2018-03-30,78,¡º,45,95,13,0.7,33,133
2018-03-31,120,«·∂»Œ€»æ,91,120,13,1,24,146
2018-04-01,129,«·∂»Œ€»æ,98,160,17,1.1,30,158
2018-04-02,0,Œﬁ,0,0,21,1,26,155
2018-04-03,0,Œﬁ,0,0,11,0.8,18,75
2018-04-04,46,”≈,24,46,10,0.7,14,65
2018-04-05,57,¡º,40,49,9,0.8,23,51
2018-04-06,79,¡º,44,107,14,1,26,93
2018-04-07,72,¡º,28,93,17,0.7,33,101
2018-04-08,94,¡º,62,138,24,0.9,36,96
2018-04-09,90,¡º,59,129,15,0.8,22,141
2018-04-10,0,Œﬁ,0,0,22,1.1,46,76
2018-04-11,0,Œﬁ,0,0,16,0.8,34,110
2018-04-12,53,¡º,32,55,9,0.8,22,80
2018-04-13,46,”≈,32,35,8,0.8,20,68
2018-04-14,109,«·∂»Œ€»æ,40,167,13,0.8,32,76
2018-04-15,0,Œﬁ,0,0,18,1.3,42,122
2018-04-16,0,Œﬁ,0,0,17,0.8,26,133
2018-04-17,0,Œﬁ,0,0,14,0.7,23,131
2018-04-18,0,Œﬁ,0,0,15,0.8,22,148
2018-04-19,98,¡º,43,116,13,0.7,20,157
2018-04-20,119,«·∂»Œ€»æ,57,108,16,0.8,22,180
2018-04-21,74,¡º,54,82,13,0.8,20,118
2018-04-22,34,”≈,17,20,7,0.7,12,68
2018-04-23,54,¡º,38,48,9,0.8,14,86
2018-04-24,84,¡º,40,67,12,0.8,30,140
2018-04-25,89,¡º,64,105,13,1,49,146
2018-04-26,77,¡º,56,83,15,0.9,24,113
2018-04-27,126,«·∂»Œ€»æ,69,138,15,1.1,48,188
2018-04-28,103,«·∂»Œ€»æ,36,99,15,0.7,24,163
2018-04-29,106,«·∂»Œ€»æ,39,87,15,0.8,23,166
2018-04-30,85,¡º,54,120,15,0.8,26,125
2018-05-01,85,¡º,50,111,18,0.9,24,142
2018-05-02,63,¡º,24,61,10,0.6,18,115
2018-05-03,78,¡º,26,76,16,0.8,27,133
2018-05-04,110,«·∂»Œ€»æ,32,116,15,0.7,18,171
2018-05-05,62,¡º,40,62,11,0.8,13,114
2018-05-06,72,¡º,32,58,10,0.8,18,126
2018-05-07,95,¡º,34,96,13,0.8,35,153
2018-05-08,131,«·∂»Œ€»æ,52,116,21,1,25,194
2018-05-09,147,«·∂»Œ€»æ,48,106,20,0.9,34,211
2018-05-10,101,«·∂»Œ€»æ,38,85,14,0.7,23,161
2018-05-11,70,¡º,51,72,10,0.8,22,118
2018-05-12,82,¡º,58,95,10,1,18,138
2018-05-13,100,¡º,33,88,12,0.8,18,159
2018-05-14,86,¡º,29,76,10,0.8,12,143
2018-05-15,54,¡º,30,52,9,0.9,14,104
2018-05-16,62,¡º,27,46,8,0.8,20,114
2018-05-17,51,¡º,33,51,9,0.8,16,96
2018-05-18,100,¡º,25,70,16,0.9,20,159
2018-05-19,58,¡º,32,66,16,0.8,26,103
2018-05-20,60,¡º,26,37,7,0.7,16,111
2018-05-21,46,”≈,28,46,10,0.7,21,73
2018-05-22,68,¡º,20,76,9,0.7,19,121
2018-05-23,113,«·∂»Œ€»æ,45,158,16,0.7,21,174
2018-05-24,87,¡º,47,123,13,0.7,16,116
2018-05-25,74,¡º,54,90,9,0.9,22,108
2018-05-26,74,¡º,42,94,10,0.9,24,128
2018-05-27,0,Œﬁ,0,0,19,0.8,28,145
2018-05-28,105,«·∂»Œ€»æ,42,141,16,0.8,36,165
2018-05-29,102,«·∂»Œ€»æ,28,108,20,0.8,27,162
2018-05-30,107,«·∂»Œ€»æ,33,94,16,0.8,55,167
2018-05-31,152,÷–∂»Œ€»æ,44,100,25,0.9,53,217
2018-06-01,169,÷–∂»Œ€»æ,42,99,22,0.8,44,234
2018-06-02,139,«·∂»Œ€»æ,50,147,17,0.8,31,202
2018-06-03,139,«·∂»Œ€»æ,42,130,14,0.7,21,202
2018-06-04,139,«·∂»Œ€»æ,38,92,20,0.8,28,202
2018-06-05,131,«·∂»Œ€»æ,44,140,17,0.7,24,194
2018-06-06,124,«·∂»Œ€»æ,41,122,11,0.6,16,186
2018-06-07,166,÷–∂»Œ€»æ,48,128,12,0.8,18,231
2018-06-08,138,«·∂»Œ€»æ,58,168,16,1,27,201
2018-06-09,46,”≈,15,18,6,0.6,11,92
2018-06-10,87,¡º,18,36,9,0.7,18,144
2018-06-11,130,«·∂»Œ€»æ,26,64,8,0.8,23,192
2018-06-12,140,«·∂»Œ€»æ,25,71,8,0.8,31,203
2018-06-13,106,«·∂»Œ€»æ,35,74,9,0.8,22,166
2018-06-14,134,«·∂»Œ€»æ,40,70,10,0.8,21,197
2018-06-15,136,«·∂»Œ€»æ,29,70,12,0.8,27,199
2018-06-16,97,¡º,32,72,10,0.7,20,156
2018-06-17,120,«·∂»Œ€»æ,33,74,10,0.7,18,182
2018-06-18,95,¡º,40,74,9,0.7,19,154
2018-06-19,117,«·∂»Œ€»æ,30,54,6,0.7,14,178
2018-06-20,130,«·∂»Œ€»æ,33,69,8,0.8,27,192
2018-06-21,109,«·∂»Œ€»æ,40,79,8,0.8,19,169
2018-06-22,130,«·∂»Œ€»æ,22,60,10,0.7,24,192
2018-06-23,120,«·∂»Œ€»æ,36,62,8,0.8,17,182
2018-06-24,128,«·∂»Œ€»æ,27,59,8,0.8,19,190
2018-06-25,52,¡º,28,54,9,1.2,23,85
2018-06-26,80,¡º,32,45,7,1.4,18,136
2018-06-27,122,«·∂»Œ€»æ,29,59,5,1.1,14,184
2018-06-28,91,¡º,19,54,6,0.8,20,149
2018-06-29,110,«·∂»Œ€»æ,24,64,9,0.8,26,171
2018-06-30,117,«·∂»Œ€»æ,36,65,8,0.9,20,178
2018-07-01,147,«·∂»Œ€»æ,54,90,8,1,25,211
2018-07-02,60,¡º,30,59,7,0.8,18,111
2018-07-03,127,«·∂»Œ€»æ,29,68,7,0.9,21,189
2018-07-04,61,¡º,43,71,6,1,34,110
2018-07-05,139,«·∂»Œ€»æ,45,76,7,1,24,202
2018-07-06,148,«·∂»Œ€»æ,61,96,9,1.1,22,212
2018-07-07,103,«·∂»Œ€»æ,29,53,8,0.7,16,163
2018-07-08,52,¡º,30,53,7,0.7,18,94
2018-07-09,43,”≈,24,42,10,0.8,18,85
2018-07-10,51,¡º,33,51,7,0.8,17,60
2018-07-11,65,¡º,38,79,7,0.9,19,86
2018-07-12,53,¡º,22,55,6,0.7,16,97
2018-07-13,41,”≈,22,35,6,0.7,14,82
2018-07-14,57,¡º,17,34,6,0.8,15,108
2018-07-15,63,¡º,17,36,6,0.6,13,115
2018-07-16,71,¡º,17,43,7,0.6,14,125
2018-07-17,80,¡º,25,58,7,0.6,19,135
2018-07-18,87,¡º,24,55,8,0.7,19,144
2018-07-19,91,¡º,26,59,8,0.8,15,149
2018-07-20,81,¡º,28,58,8,0.8,14,137
2018-07-21,110,«·∂»Œ€»æ,33,60,8,0.8,13,170
2018-07-22,75,¡º,34,57,9,0.6,14,130
2018-07-23,53,¡º,28,55,10,0.7,13,87
2018-07-24,84,¡º,22,52,10,0.7,18,140
2018-07-25,147,«·∂»Œ€»æ,26,54,10,0.9,16,211
2018-07-26,70,¡º,22,34,6,0.7,16,124
2018-07-27,93,¡º,19,38,7,0.8,14,151
2018-07-28,72,¡º,36,52,7,1,14,126
2018-07-29,73,¡º,32,50,6,1,14,127
2018-07-30,62,¡º,27,44,7,1,19,114
2018-07-31,64,¡º,25,46,6,0.9,14,116
2018-08-01,94,¡º,39,66,7,1,20,152
2018-08-02,112,«·∂»Œ€»æ,53,87,7,1.2,27,173
2018-08-03,108,«·∂»Œ€»æ,56,90,7,1.2,26,168
2018-08-04,80,¡º,40,66,7,1,21,135
2018-08-05,63,¡º,26,44,7,0.8,16,115
2018-08-06,69,¡º,32,58,7,0.9,20,122
2018-08-07,75,¡º,34,64,7,0.8,20,130
2018-08-08,62,¡º,32,56,6,0.8,17,114
2018-08-09,60,¡º,28,45,6,0.9,13,112
2018-08-10,90,¡º,30,59,6,1,16,148
2018-08-11,85,¡º,40,79,6,1,20,142
2018-08-12,90,¡º,25,50,6,0.8,17,147
2018-08-13,50,”≈,26,50,8,0.8,18,91
2018-08-14,45,”≈,22,38,7,0.8,12,90
2018-08-15,62,¡º,14,28,8,0.8,10,114
2018-08-16,41,”≈,14,26,8,0.8,10,82
2018-08-17,94,¡º,12,36,10,0.6,10,152
2018-08-18,44,”≈,21,30,8,0.8,10,87
2018-08-19,29,”≈,9,9,6,0.6,6,58
2018-08-20,45,”≈,13,27,6,0.6,12,89
2018-08-21,124,«·∂»Œ€»æ,24,49,9,0.9,15,186
2018-08-22,74,¡º,30,54,13,1,14,128
2018-08-23,100,¡º,18,46,14,1,22,159
2018-08-24,151,÷–∂»Œ€»æ,35,68,20,1,36,216
2018-08-25,133,«·∂»Œ€»æ,41,81,9,1,38,196
2018-08-26,138,«·∂»Œ€»æ,46,85,12,1,22,201
2018-08-27,157,÷–∂»Œ€»æ,41,78,14,1.1,26,222
2018-08-28,160,÷–∂»Œ€»æ,40,79,17,1,26,225
2018-08-29,132,«·∂»Œ€»æ,42,78,14,1,23,195
2018-08-30,50,”≈,30,50,12,1.1,16,96
2018-08-31,58,¡º,25,44,11,1,13,109
2018-09-01,80,¡º,21,44,12,1,18,136
2018-09-02,62,¡º,34,73,12,0.9,27,114
2018-09-03,85,¡º,27,84,15,1,29,142
2018-09-04,89,¡º,16,52,21,0.7,30,146
2018-09-05,65,¡º,30,70,15,0.8,32,117
2018-09-06,95,¡º,20,64,12,0.8,19,154
2018-09-07,52,¡º,12,48,15,0.7,29,102
2018-09-08,109,«·∂»Œ€»æ,31,76,19,1.1,44,169
2018-09-09,109,«·∂»Œ€»æ,38,77,18,0.9,33,169
2018-09-10,90,¡º,32,68,15,0.8,28,148
2018-09-11,85,¡º,26,59,13,0.8,26,142
2018-09-12,100,¡º,36,77,14,0.8,32,159
2018-09-13,68,¡º,38,68,12,0.8,28,121
2018-09-14,66,¡º,20,40,10,0.7,24,119
2018-09-15,53,¡º,34,56,10,1,29,97
2018-09-16,53,¡º,20,56,15,0.8,33,44
2018-09-17,65,¡º,28,64,17,0.8,34,117
2018-09-18,55,¡º,38,60,16,1,34,62
2018-09-19,36,”≈,25,30,9,1.2,18,59
2018-09-20,66,¡º,32,63,14,1.1,32,119
2018-09-21,97,¡º,43,117,14,1.7,38,156
2018-09-22,62,¡º,21,74,24,0.8,43,114
2018-09-23,67,¡º,29,69,19,0.8,41,120
2018-09-24,62,¡º,24,58,17,0.8,34,114
2018-09-25,46,”≈,32,45,16,1,31,60
2018-09-26,90,¡º,26,45,12,0.8,24,148
2018-09-27,104,«·∂»Œ€»æ,53,86,16,0.9,37,164
2018-09-28,66,¡º,40,82,15,1,29,118
2018-09-29,77,¡º,35,104,17,1,44,110
2018-09-30,55,¡º,16,60,17,0.8,38,90
2018-10-01,57,¡º,19,63,18,1,44,108
2018-10-02,75,¡º,41,92,24,1,59,130
2018-10-03,89,¡º,66,124,23,1.1,62,145
2018-10-04,117,«·∂»Œ€»æ,62,108,22,1,49,178
2018-10-05,137,«·∂»Œ€»æ,74,118,21,1.1,60,200
2018-10-06,135,«·∂»Œ€»æ,103,154,24,1.3,63,198
2018-10-07,82,¡º,49,114,23,1.1,50,106
2018-10-08,137,«·∂»Œ€»æ,104,170,24,1.4,54,166
2018-10-09,90,¡º,48,130,17,0.9,39,87
2018-10-10,74,¡º,34,98,20,0.7,46,100
2018-10-11,74,¡º,51,97,22,0.9,55,95
2018-10-12,89,¡º,62,108,20,0.9,50,146
2018-10-13,89,¡º,56,95,18,0.8,40,146
2018-10-14,80,¡º,56,89,17,0.9,40,136
2018-10-15,97,¡º,72,92,17,1,41,104
2018-10-16,127,«·∂»Œ€»æ,96,110,16,1.1,44,110
2018-10-17,79,¡º,58,62,14,1.1,32,106
2018-10-18,57,¡º,36,64,24,0.9,42,108
2018-10-19,79,¡º,58,90,28,1.4,60,115
2018-10-20,98,¡º,73,110,22,1.2,59,104
2018-10-21,79,¡º,58,91,24,1.1,48,79
2018-10-22,133,«·∂»Œ€»æ,101,127,18,1.4,44,107
2018-10-23,72,¡º,31,94,16,0.9,33,98
2018-10-24,92,¡º,66,134,28,1.1,50,121
2018-10-25,143,«·∂»Œ€»æ,109,158,20,1.4,54,80
2018-10-26,67,¡º,21,83,18,0.8,38,74
2018-10-27,68,¡º,29,86,22,0.8,40,80
2018-10-28,65,¡º,25,79,22,1,48,89
2018-10-29,63,¡º,33,76,27,0.9,41,81
2018-10-30,65,¡º,44,79,28,0.9,52,92
2018-10-31,103,«·∂»Œ€»æ,77,110,32,1,58,118
2018-11-01,117,«·∂»Œ€»æ,88,125,23,1,54,120
2018-11-02,109,«·∂»Œ€»æ,82,112,22,0.9,40,143
2018-11-03,102,«·∂»Œ€»æ,76,98,17,0.9,35,124
2018-11-04,135,«·∂»Œ€»æ,103,130,18,1.1,40,123
2018-11-05,57,¡º,40,44,8,1,28,28
2018-11-06,50,”≈,35,46,12,0.8,32,47
2018-11-07,57,¡º,40,64,19,0.8,44,34
2018-11-08,62,¡º,44,44,12,0.8,26,56
2018-11-09,80,¡º,59,75,15,1,34,68
2018-11-10,133,«·∂»Œ€»æ,101,120,19,1.4,52,34
2018-11-11,73,¡º,53,69,14,1.1,39,65
2018-11-12,172,÷–∂»Œ€»æ,130,154,12,1.7,52,82
2018-11-13,193,÷–∂»Œ€»æ,145,149,10,1.5,55,86
2018-11-14,145,«·∂»Œ€»æ,111,129,12,1.1,43,84
2018-11-15,210,÷ÿ∂»Œ€»æ,160,170,16,1.2,49,57
2018-11-16,62,¡º,44,50,11,0.9,34,36
2018-11-17,69,¡º,50,55,11,0.8,34,42
2018-11-18,90,¡º,67,99,16,1.3,47,20
2018-11-19,87,¡º,64,86,15,0.9,40,74
2018-11-20,122,«·∂»Œ€»æ,92,92,12,1,38,55
2018-11-21,145,«·∂»Œ€»æ,111,131,18,1.3,53,60
2018-11-22,99,¡º,74,113,16,0.9,47,67
2018-11-23,144,«·∂»Œ€»æ,110,132,16,1.1,46,73
2018-11-24,220,÷ÿ∂»Œ€»æ,170,206,24,1.9,78,49
2018-11-25,286,÷ÿ∂»Œ€»æ,236,246,19,1.6,62,88
2018-11-26,251,÷ÿ∂»Œ€»æ,201,212,13,1.5,58,103
2018-11-27,0,Œﬁ,0,0,20,1.8,67,57
2018-11-28,0,Œﬁ,0,0,26,1.7,65,12
2018-11-29,0,Œﬁ,0,0,28,1.4,56,27
2018-11-30,0,Œﬁ,0,0,22,1.6,59,20
2018-12-01,256,÷ÿ∂»Œ€»æ,206,322,26,2.2,64,14
2018-12-02,254,÷ÿ∂»Œ€»æ,204,197,11,2.4,55,11
2018-12-03,0,Œﬁ,0,0,14,1.7,39,42
2018-12-04,0,Œﬁ,0,0,16,0.8,40,52
2018-12-05,82,¡º,56,113,14,0.9,42,33
2018-12-06,72,¡º,52,85,9,0.8,32,44
2018-12-07,52,¡º,24,54,12,0.6,33,55
2018-12-08,59,¡º,38,68,18,0.8,40,52
2018-12-09,75,¡º,55,91,20,0.9,48,56
2018-12-10,150,«·∂»Œ€»æ,115,149,19,1.1,58,47
2018-12-11,163,÷–∂»Œ€»æ,124,147,22,1.4,58,41
2018-12-12,166,÷–∂»Œ€»æ,126,167,23,1.5,55,48
2018-12-13,140,«·∂»Œ€»æ,107,132,16,1.2,49,50
2018-12-14,139,«·∂»Œ€»æ,106,127,26,1.3,56,64
2018-12-15,156,÷–∂»Œ€»æ,119,130,19,1.3,45,56
2018-12-16,166,÷–∂»Œ€»æ,126,180,18,1.6,57,49
2018-12-17,105,«·∂»Œ€»æ,79,141,28,1.4,53,65
2018-12-18,124,«·∂»Œ€»æ,94,148,26,1.4,72,52
2018-12-19,286,÷ÿ∂»Œ€»æ,236,262,32,2.2,93,26
2018-12-20,292,÷ÿ∂»Œ€»æ,242,280,46,2.9,99,14
2018-12-21,262,÷ÿ∂»Œ€»æ,212,254,33,2.4,82,49
2018-12-22,159,÷–∂»Œ€»æ,121,156,36,1.7,73,45
2018-12-23,100,¡º,75,130,22,1.2,46,60
2018-12-24,89,¡º,66,115,27,1,50,48
2018-12-25,172,÷–∂»Œ€»æ,130,166,22,1.5,58,27
2018-12-26,75,¡º,55,96,21,1.2,46,48
2018-12-27,62,¡º,44,73,16,1,33,41
2018-12-28,56,¡º,34,62,16,0.8,31,65
2018-12-29,87,¡º,64,106,21,1.3,66,55
2018-12-30,94,¡º,70,89,32,1.4,54,57
2018-12-31,93,¡º,69,94,29,1.3,56,48
2019-01-01,205,÷ÿ∂»Œ€»æ,155,175,33,2,78,33
2019-01-02,230,÷ÿ∂»Œ€»æ,180,209,37,2.1,73,68
2019-01-03,222,÷ÿ∂»Œ€»æ,172,186,25,1.6,66,70
2019-01-04,377,—œ÷ÿŒ€»æ,327,342,36,3,94,20
2019-01-05,88,¡º,65,110,26,1.4,50,62
2019-01-06,124,«·∂»Œ€»æ,94,124,34,1.6,63,47
2019-01-07,318,—œ÷ÿŒ€»æ,268,271,20,2.1,76,60
2019-01-08,178,÷–∂»Œ€»æ,134,172,34,1.9,68,47
2019-01-09,78,¡º,57,92,24,1.2,48,28
2019-01-10,152,÷–∂»Œ€»æ,116,107,13,1.4,36,52
2019-01-11,190,÷–∂»Œ€»æ,143,136,12,1.5,37,44
2019-01-12,203,÷ÿ∂»Œ€»æ,153,155,8,1.8,35,30
2019-01-13,240,÷ÿ∂»Œ€»æ,190,208,8,2,46,32
2019-01-14,269,÷ÿ∂»Œ€»æ,219,262,9,2.2,50,34
2019-01-15,123,«·∂»Œ€»æ,93,194,13,1.4,35,64
2019-01-16,82,¡º,47,114,17,1.1,41,50
2019-01-17,119,«·∂»Œ€»æ,90,153,18,1.3,57,45
2019-01-18,158,÷–∂»Œ€»æ,120,155,21,1.3,60,72
2019-01-19,234,÷ÿ∂»Œ€»æ,184,203,24,2.3,72,21
2019-01-20,119,«·∂»Œ€»æ,90,129,31,1.8,61,48
2019-01-21,125,«·∂»Œ€»æ,95,129,25,1.4,64,47
2019-01-22,87,¡º,64,113,22,1.3,56,58
2019-01-23,166,÷–∂»Œ€»æ,126,156,29,1.7,84,69
2019-01-24,235,÷ÿ∂»Œ€»æ,185,215,32,2,99,72
2019-01-25,100,¡º,75,111,20,1.2,46,70
2019-01-26,93,¡º,69,96,21,1.1,48,78
2019-01-27,110,«·∂»Œ€»æ,83,111,16,0.9,38,66
2019-01-28,204,÷ÿ∂»Œ€»æ,154,183,26,1.8,73,64
2019-01-29,234,÷ÿ∂»Œ€»æ,184,206,19,1.5,54,74
2019-01-30,242,÷ÿ∂»Œ€»æ,192,214,15,1.4,44,37
2019-01-31,68,¡º,34,85,14,0.8,22,54
2019-02-01,85,¡º,63,92,12,1,27,84
2019-02-02,145,«·∂»Œ€»æ,111,112,9,1.4,24,64
2019-02-03,214,÷ÿ∂»Œ€»æ,164,195,13,1.7,26,73
2019-02-04,130,«·∂»Œ€»æ,99,180,14,1.2,20,96
2019-02-05,380,—œ÷ÿŒ€»æ,330,373,28,1.8,25,93
2019-02-06,265,÷ÿ∂»Œ€»æ,215,279,12,1.6,18,37
2019-02-07,60,¡º,37,70,11,0.8,9,79
2019-02-08,44,”≈,26,44,13,0.8,12,63
2019-02-09,57,¡º,40,64,15,1,14,77
2019-02-10,64,¡º,46,56,9,0.9,11,67
2019-02-11,108,«·∂»Œ€»æ,81,91,8,1.1,15,84
2019-02-12,200,÷–∂»Œ€»æ,150,154,12,1.4,29,57
2019-02-13,120,«·∂»Œ€»æ,91,108,9,1,24,28
2019-02-14,119,«·∂»Œ€»æ,90,74,13,1.2,22,52
2019-02-15,166,÷–∂»Œ€»æ,126,129,12,1.4,23,96
2019-02-16,143,«·∂»Œ€»æ,109,123,19,1.5,35,100
2019-02-17,87,¡º,64,79,16,1.2,38,102
2019-02-18,112,«·∂»Œ€»æ,84,87,14,1.2,40,60
2019-02-19,210,÷ÿ∂»Œ€»æ,160,151,12,1.4,36,44
2019-02-20,474,—œ÷ÿŒ€»æ,460,460,11,2,49,29
2019-02-21,257,÷ÿ∂»Œ€»æ,207,215,9,1.7,44,64
2019-02-22,359,—œ÷ÿŒ€»æ,309,302,15,1.7,62,131
2019-02-23,205,÷ÿ∂»Œ€»æ,155,161,16,1.5,74,144
2019-02-24,216,÷ÿ∂»Œ€»æ,166,177,15,1.1,46,117
2019-02-25,325,—œ÷ÿŒ€»æ,275,288,20,1.9,71,130
2019-02-26,294,÷ÿ∂»Œ€»æ,244,284,24,2,66,39
2019-02-27,119,«·∂»Œ€»æ,90,108,18,0.9,33,112
2019-02-28,94,¡º,70,85,13,0.7,23,124
2019-03-01,137,«·∂»Œ€»æ,104,118,16,0.9,40,115
2019-03-02,180,÷–∂»Œ€»æ,136,148,12,1.1,40,122
2019-03-03,128,«·∂»Œ€»æ,97,106,8,0.9,20,122
2019-03-04,113,«·∂»Œ€»æ,85,100,12,1,24,96
2019-03-05,129,«·∂»Œ€»æ,98,110,11,1,32,133
2019-03-06,82,¡º,59,113,9,0.8,26,103
2019-03-07,66,¡º,34,81,8,0.7,24,107
2019-03-08,62,¡º,36,66,10,0.6,22,114
2019-03-09,94,¡º,70,93,14,0.9,34,124
2019-03-10,159,÷–∂»Œ€»æ,121,152,13,1.1,48,134
2019-03-11,74,¡º,50,98,10,0.8,28,106
2019-03-12,60,¡º,18,70,8,0.6,24,92
2019-03-13,61,¡º,35,72,13,0.8,35,90
2019-03-14,72,¡º,52,92,14,1,35,97
2019-03-15,59,¡º,33,67,11,0.9,38,104
2019-03-16,60,¡º,33,70,12,0.8,39,101
2019-03-17,99,¡º,74,118,20,1.1,45,130
2019-03-18,85,¡º,63,106,14,0.9,23,126
2019-03-19,82,¡º,40,82,10,0.8,18,138
2019-03-20,85,¡º,63,94,11,1,28,115
2019-03-21,96,¡º,14,141,6,0.5,16,91
2019-03-22,57,¡º,34,64,14,0.8,30,96
2019-03-23,62,¡º,32,74,8,0.7,24,94
2019-03-24,89,¡º,66,104,18,0.8,30,126
2019-03-25,75,¡º,53,100,13,0.8,31,114
2019-03-26,84,¡º,50,118,12,0.8,32,123
2019-03-27,88,¡º,48,125,14,0.8,34,110
2019-03-28,90,¡º,37,129,13,0.7,26,74
2019-03-29,73,¡º,49,96,18,0.8,37,75
2019-03-30,76,¡º,23,102,9,0.6,22,91
2019-03-31,65,¡º,24,80,12,0.7,28,97
2019-04-01,75,¡º,49,99,16,0.8,33,104
2019-04-02,122,«·∂»Œ€»æ,92,128,26,1,46,120
2019-04-03,129,«·∂»Œ€»æ,98,129,20,1.1,36,160
2019-04-04,117,«·∂»Œ€»æ,88,141,11,0.9,22,178
2019-04-05,122,«·∂»Œ€»æ,92,160,18,1.2,30,168
2019-04-06,0,Œﬁ,0,0,14,1,26,88
2019-04-07,100,¡º,55,149,13,0.9,32,150
2019-04-08,92,¡º,61,134,11,1.1,31,58
2019-04-09,33,”≈,23,32,5,0.7,16,66
2019-04-10,77,¡º,56,63,8,0.9,26,104
2019-04-11,99,¡º,74,76,6,0.9,25,120
2019-04-12,127,«·∂»Œ€»æ,96,117,7,0.9,40,89
2019-04-13,75,¡º,55,74,6,0.9,23,98
2019-04-14,55,¡º,15,59,9,0.5,23,101
2019-04-15,79,¡º,34,83,7,0.5,19,134
2019-04-16,73,¡º,36,74,7,0.6,22,127
2019-04-17,84,¡º,33,117,10,0.6,18,119
2019-04-18,101,«·∂»Œ€»æ,34,152,9,0.6,19,126
2019-04-19,59,¡º,18,67,12,0.5,26,68
2019-04-20,98,¡º,38,96,26,0.6,33,157
2019-04-21,72,¡º,49,94,14,1,28,102
2019-04-22,63,¡º,41,75,8,0.9,21,64
2019-04-23,52,¡º,30,54,4,0.8,16,79
2019-04-24,60,¡º,31,65,5,0.8,18,112
2019-04-25,41,”≈,16,38,3,0.6,11,81
2019-04-26,52,¡º,36,53,5,0.7,20,98
2019-04-27,64,¡º,46,67,10,0.8,36,72
2019-04-28,70,¡º,44,52,6,0.8,22,123
2019-04-29,75,¡º,48,68,5,0.8,17,129
2019-04-30,108,«·∂»Œ€»æ,30,166,7,0.7,20,102
2019-05-01,65,¡º,32,80,23,0.9,52,112
2019-05-02,81,¡º,33,88,9,0.8,41,137
2019-05-03,96,¡º,34,90,10,0.6,23,155
2019-05-04,71,¡º,47,92,12,0.8,32,97
2019-05-05,108,«·∂»Œ€»æ,50,166,19,1,35,147
2019-05-06,61,¡º,17,68,11,0.6,29,113
2019-05-07,92,¡º,39,99,12,0.6,38,150
2019-05-08,68,¡º,33,86,10,0.6,23,110
2019-05-09,105,«·∂»Œ€»æ,47,97,14,0.8,30,165
2019-05-10,90,¡º,38,83,12,0.9,26,148
2019-05-11,100,¡º,27,70,9,1,28,160
2019-05-12,80,¡º,29,87,10,0.8,25,136
2019-05-13,83,¡º,22,116,7,0.5,18,114
2019-05-14,115,«·∂»Œ€»æ,53,179,9,0.8,19,136
2019-05-15,94,¡º,60,138,7,1,20,134
2019-05-16,74,¡º,47,98,5,1,19,126
2019-05-17,85,¡º,32,81,6,0.9,15,141
2019-05-18,52,¡º,24,48,6,0.7,11,102
2019-05-19,87,¡º,20,114,8,0.6,17,144
2019-05-20,72,¡º,15,85,11,0.6,23,126
2019-05-21,93,¡º,29,94,12,0.7,29,151
2019-05-22,124,«·∂»Œ€»æ,33,98,13,0.7,28,186
2019-05-23,127,«·∂»Œ€»æ,32,102,11,0.7,25,189
2019-05-24,90,¡º,41,98,8,0.7,22,148
2019-05-25,90,¡º,51,90,7,0.8,16,147
2019-05-26,62,¡º,38,74,4,0.8,13,112
2019-05-27,65,¡º,7,69,6,0.4,12,118
2019-05-28,82,¡º,19,66,10,0.6,26,138
2019-05-29,95,¡º,18,58,7,0.6,18,154
2019-05-30,110,«·∂»Œ€»æ,30,60,7,0.7,17,171
2019-05-31,117,«·∂»Œ€»æ,39,83,10,0.8,24,178
2019-06-01,120,«·∂»Œ€»æ,24,83,6,0.7,16,181
2019-06-02,126,«·∂»Œ€»æ,31,112,6,0.7,17,188
2019-06-03,171,÷–∂»Œ€»æ,50,142,13,0.9,29,236
2019-06-04,121,«·∂»Œ€»æ,38,116,9,0.8,37,183
2019-06-05,114,«·∂»Œ€»æ,56,109,8,1.1,17,175
2019-06-06,76,¡º,41,59,6,1,12,131
2019-06-07,133,«·∂»Œ€»æ,36,80,6,1,16,196
2019-06-08,131,«·∂»Œ€»æ,18,58,6,0.9,17,194
2019-06-09,96,¡º,21,90,8,0.7,18,155
2019-06-10,107,«·∂»Œ€»æ,21,62,10,0.8,21,167
2019-06-11,127,«·∂»Œ€»æ,31,90,9,0.8,26,189
2019-06-12,133,«·∂»Œ€»æ,30,87,6,0.7,24,196
2019-06-13,134,«·∂»Œ€»æ,37,88,7,0.7,21,197
2019-06-14,153,÷–∂»Œ€»æ,35,82,6,0.7,21,218
2019-06-15,139,«·∂»Œ€»æ,28,77,6,0.7,22,202
2019-06-16,142,«·∂»Œ€»æ,30,94,9,0.7,20,206
2019-06-17,140,«·∂»Œ€»æ,32,85,8,0.7,19,203
2019-06-18,136,«·∂»Œ€»æ,34,73,4,0.8,20,199
2019-06-19,121,«·∂»Œ€»æ,34,66,4,0.7,21,183
2019-06-20,71,¡º,23,47,3,0.7,18,125
2019-06-21,130,«·∂»Œ€»æ,32,62,6,0.8,22,193
